fixed acidity;volatile acidity;citric acid;residual sugar;chlorides;free sulfur dioxide;total sulfur dioxide;density;pH;sulphates;alcohol;quality
9.2;0.4;0.2;2.4;0.213;5;8;0.9951;3.34;0.64;8.9;6
8.1;0.5;0.36;1.9;0.017;10;27;0.9929;3.26;0.8;11.3;6
9.4;0.77;0.31;2.1;0.015;1;6;1.001;3.42;0.53;9.1;5
11.0;0.41;0.35;6.3;0.178;2;6;0.9973;3.28;0.71;9.5;6
7.9;0.38;0.31;1.9;0.057;7;23;0.9963;3.64;0.68;10.7;6
7.9;0.44;0.52;1.6;0.069;35;101;0.9993;3.53;0.81;11.1;6
11.1;0.36;0.09;1.6;0.052;16;57;0.997;3.11;0.77;10.7;7
9.7;0.55;0.14;2.1;0.018;2;6;0.9992;3.34;0.76;10.8;6
7.5;0.82;0.12;3.3;0.1;23;57;0.9991;3.42;0.69;9.2;5
9.3;0.59;0.43;1.5;0.095;17;55;0.9943;3.24;0.37;9.9;5
7.5;0.48;0.45;3.1;0.034;12;62;0.9976;3.5;0.68;8.4;5
7.5;0.48;0.36;1.2;0.034;22;59;1.0;3.48;0.67;9.4;6
8.7;0.25;0.5;2.0;0.121;7;22;0.9948;3.3;0.79;9.0;7
5.0;0.69;0.04;3.4;0.017;4;15;0.9948;3.46;0.59;10.4;5
5.3;0.51;0.6;1.8;0.14;10;24;0.9951;2.94;0.67;12.9;6
7.3;0.5;0.57;2.4;0.03;11;42;0.9984;3.52;0.67;11.2;6
6.6;1.1;0.41;1.5;0.066;10;18;0.9972;3.45;0.54;8.4;3
8.9;0.58;0.62;3.2;0.177;11;29;0.993;3.14;0.46;8.8;5
6.7;0.39;0.0;1.3;0.08;37;101;0.9973;3.35;0.72;9.0;6
5.9;0.45;0.17;4.1;0.044;29;90;0.9962;3.0;0.83;8.5;6
10.9;0.73;0.13;1.5;0.082;26;39;0.9965;3.19;0.55;10.1;5
7.9;0.55;0.41;4.3;0.037;20;83;0.9951;3.48;0.62;10.7;6
8.4;0.27;0.07;1.9;0.031;35;118;0.9974;3.31;0.8;9.0;7
5.8;0.69;0.42;3.1;0.355;2;9;0.9987;3.3;0.82;10.2;5
7.4;0.41;0.54;1.8;0.095;5;20;0.9955;3.32;0.7;10.7;6
8.5;0.86;0.41;4.7;0.074;9;22;0.9935;3.3;0.73;11.2;5
6.3;0.72;0.33;1.4;0.038;23;35;0.9961;3.46;0.75;10.6;5
9.0;0.45;0.08;1.5;0.015;9;37;0.9981;3.22;0.78;10.8;6
7.3;0.76;0.11;2.2;0.014;18;49;0.9959;3.38;0.48;10.4;5
7.8;0.54;0.51;1.3;0.06;3;6;0.9939;3.13;0.98;9.3;6
7.3;0.68;0.42;1.5;0.098;4;16;0.9982;3.43;0.7;9.6;5
11.5;0.61;0.26;5.5;0.058;17;83;0.9994;3.26;0.78;9.0;5
8.3;0.38;0.19;6.8;0.122;3;9;0.9967;3.3;0.53;12.0;6
6.5;0.41;0.0;1.9;0.014;6;23;0.9936;3.26;0.63;8.8;6
9.8;0.71;0.06;5.1;0.039;5;10;0.9961;3.27;0.72;11.4;5
6.2;0.47;0.64;2.4;0.028;6;10;0.997;3.16;0.35;8.9;5
8.7;0.46;0.02;1.7;0.048;16;59;0.9952;3.36;0.5;11.2;6
4.9;0.36;0.31;3.0;0.017;7;22;0.9978;3.4;0.53;11.5;6
6.0;0.6;0.47;2.8;0.197;11;28;0.995;3.11;0.44;11.7;5
8.7;0.9;0.03;8.0;0.027;2;10;0.9967;3.22;0.68;9.3;4
9.6;0.34;0.31;1.7;0.165;21;33;0.9963;3.32;0.65;10.6;7
8.6;0.53;0.45;2.9;0.045;7;13;0.9979;3.22;0.9;9.8;6
8.1;0.78;0.27;1.3;0.266;14;35;0.9967;3.28;0.47;9.5;5
7.8;0.51;0.83;1.4;0.06;17;45;0.9963;3.56;0.7;10.5;6
5.7;0.61;0.0;1.2;0.172;4;16;0.9952;3.15;0.51;11.3;5
7.1;0.34;0.48;12.5;0.012;27;82;0.9968;2.95;0.37;9.8;6
7.5;0.6;0.24;3.6;0.095;12;36;0.9962;3.22;0.76;10.8;5
10.2;0.49;0.42;3.5;0.152;8;15;0.995;3.26;0.77;9.4;6
8.9;0.7;0.36;2.3;0.021;3;13;0.997;3.24;0.75;9.3;5
5.3;0.74;0.13;1.7;0.018;35;74;0.9974;3.35;0.43;10.1;5
8.9;0.99;0.32;1.4;0.045;18;35;0.9961;3.15;0.67;10.1;3
7.6;0.63;0.0;1.7;0.175;4;10;0.9985;3.13;0.76;11.1;5
7.1;0.59;0.39;1.9;0.059;6;19;0.9972;3.21;0.82;9.1;5
9.4;0.56;0.33;3.3;0.057;21;51;0.9943;3.21;0.76;12.7;6
10.1;0.46;0.4;2.4;0.021;15;54;0.9992;3.64;0.82;8.5;6
9.9;0.59;0.48;1.3;0.012;18;51;0.9982;3.55;0.84;10.7;6
6.9;0.48;0.34;1.2;0.112;8;31;0.9986;3.05;0.68;10.1;6
7.8;0.56;0.3;1.4;0.017;16;55;0.9975;3.01;0.74;9.7;5
8.9;0.76;0.1;2.0;0.072;7;30;0.9923;3.3;0.83;10.2;5
10.0;0.35;0.13;5.3;0.16;4;10;0.9988;3.61;0.72;11.1;7
7.5;0.73;0.5;2.7;0.026;13;48;0.9968;3.41;0.86;11.3;5
8.0;0.76;0.55;3.6;0.078;46;72;0.9974;3.31;0.81;10.2;5
6.4;0.51;0.22;2.1;0.017;5;29;0.9977;3.24;0.55;10.8;6
6.2;0.15;0.28;1.9;0.068;8;31;1.0004;3.48;0.44;9.0;7
9.7;0.42;0.09;1.4;0.023;14;40;0.9957;3.34;0.66;10.2;6
10.7;0.76;0.5;4.3;0.092;10;29;0.9957;3.58;0.46;10.8;4
8.2;0.52;0.4;3.5;0.034;23;65;0.9951;3.05;0.67;8.4;5
10.1;0.35;0.65;1.5;0.049;18;81;0.9947;3.38;0.66;10.5;6
8.9;0.44;0.1;2.3;0.067;2;6;0.9947;3.22;0.88;10.2;6
7.2;0.68;0.2;2.2;0.023;72;190;0.9932;3.37;0.74;11.8;5
8.9;0.63;0.32;2.7;0.093;18;36;0.9975;3.35;0.82;10.6;5
11.0;0.49;0.4;5.6;0.034;25;99;1.0005;3.39;0.57;10.9;6
8.3;0.46;0.23;2.5;0.077;14;50;1.0006;3.46;0.92;10.1;6
11.0;0.46;0.1;2.4;0.022;24;87;0.9951;3.53;0.81;11.1;6
4.6;0.36;0.44;1.3;0.082;2;7;0.9962;3.61;0.73;11.0;6
9.8;0.82;0.41;1.3;0.02;6;17;0.999;3.31;0.35;9.0;4
8.5;0.47;0.09;1.5;0.045;26;113;0.9975;3.23;0.86;10.8;6
7.8;0.75;0.54;1.2;0.029;4;16;0.997;3.12;0.96;11.7;5
8.5;0.8;0.5;3.2;0.095;2;7;0.9962;3.38;0.66;11.5;5
4.9;0.71;0.3;3.1;0.03;20;74;0.9989;3.44;0.66;10.4;5
7.9;0.45;0.29;1.4;0.14;23;72;0.9947;3.1;0.57;10.8;6
8.9;0.6;0.38;3.9;0.145;3;6;0.9976;3.49;0.38;11.4;5
10.9;0.52;0.1;1.5;0.025;24;53;0.9974;3.3;0.56;9.2;5
7.4;0.37;0.28;1.7;0.069;15;58;0.9968;3.12;0.94;10.9;7
6.9;0.59;0.0;1.6;0.018;10;39;0.9982;3.18;0.84;8.4;5
7.4;0.32;0.44;1.9;0.042;22;86;0.9968;3.17;0.53;11.3;6
9.9;0.74;0.0;1.6;0.087;8;25;0.9957;3.17;0.56;10.0;5
8.9;0.44;0.56;2.2;0.077;4;14;0.9969;3.4;1.02;10.3;6
7.4;0.56;0.21;2.0;0.071;5;15;0.9937;3.44;0.48;9.8;5
9.2;0.58;0.23;7.7;0.032;9;33;0.9979;3.57;0.54;10.4;5
8.5;0.48;0.15;1.3;0.04;10;29;0.9983;3.2;0.58;10.7;6
10.0;0.63;0.21;1.4;0.019;21;44;0.9955;3.36;0.43;11.2;5
7.1;0.44;0.55;1.3;0.088;20;73;0.995;3.21;0.57;11.8;6
7.7;0.68;0.0;2.7;0.054;11;46;0.9955;3.31;0.57;10.5;5
7.6;0.29;0.52;1.3;0.086;19;96;0.9966;3.08;0.5;8.6;6
5.8;0.55;0.34;3.9;0.029;4;11;0.9971;3.14;0.88;11.8;6
8.8;0.88;0.04;2.3;0.036;2;6;0.9998;3.43;0.46;8.8;4
8.8;0.35;0.06;2.3;0.036;26;71;0.9995;3.08;0.63;10.0;6
8.3;0.41;0.6;2.4;0.014;2;6;0.9983;3.41;0.51;9.9;6
7.9;0.62;0.09;1.5;0.037;4;14;0.9969;3.21;0.62;10.4;5
5.9;0.56;0.05;1.5;0.11;15;52;0.9949;3.01;0.5;9.1;5
7.6;0.59;0.49;1.8;0.149;7;24;0.9999;2.92;0.67;9.0;5
7.7;0.62;0.34;2.6;0.056;26;94;0.9962;3.54;0.71;10.4;5
6.9;0.64;0.09;1.6;0.048;5;17;0.9972;3.02;0.9;9.6;5
8.0;0.73;0.31;1.4;0.014;1;6;0.9979;3.3;0.56;11.9;5
9.0;0.6;0.07;6.5;0.139;5;17;0.9968;3.37;0.93;9.8;5
11.6;0.48;0.49;1.2;0.013;11;35;0.9989;3.11;0.52;9.3;5
8.6;0.65;0.48;3.6;0.186;7;23;0.9976;3.23;0.62;12.2;5
8.8;0.87;0.37;3.5;0.052;10;28;0.9986;3.38;0.96;10.9;5
8.2;0.5;0.34;1.7;0.037;26;83;0.9975;3.36;1.15;13.3;6
5.0;0.35;0.61;1.4;0.167;30;104;0.9966;3.24;0.94;8.4;6
8.3;0.73;0.27;1.4;0.013;5;14;0.9968;3.35;0.62;10.6;5
8.4;0.51;0.04;3.0;0.064;8;30;0.9966;3.3;0.75;10.9;6
12.6;0.14;0.36;2.7;0.06;11;32;0.9943;3.16;0.77;10.4;8
8.0;0.68;0.68;3.5;0.027;37;115;0.9948;3.5;0.72;10.0;5
8.8;0.43;0.07;5.4;0.046;72;108;0.9981;3.34;0.49;11.8;6
8.3;0.51;0.2;3.0;0.075;4;9;0.9943;3.03;0.7;10.9;6
6.3;0.59;0.35;1.5;0.09;17;35;0.9959;3.39;0.57;8.6;5
10.3;0.56;0.26;1.6;0.012;7;21;0.9947;3.22;0.49;9.5;5
9.6;0.65;0.08;4.0;0.178;1;6;0.9958;3.27;0.61;9.2;5
9.7;0.45;0.49;1.6;0.023;1;6;0.9964;3.31;0.71;10.3;6
6.7;0.62;0.72;1.3;0.028;8;31;0.9959;3.19;0.83;11.4;6
10.8;0.48;0.31;3.0;0.03;9;32;0.994;3.59;0.61;10.0;6
5.9;0.66;0.09;2.0;0.014;1;6;0.9963;3.08;0.64;10.1;5
9.3;0.64;0.0;5.0;0.02;15;52;0.9949;3.32;0.79;9.4;5
12.1;0.36;0.32;2.8;0.27;5;17;0.9955;3.37;0.67;11.2;6
6.6;0.72;0.49;1.3;0.035;11;31;0.9981;3.32;0.72;11.7;5
7.3;0.43;0.36;5.6;0.019;5;18;0.9985;3.28;0.67;10.4;6
8.5;0.67;0.27;1.6;0.019;3;13;0.9942;3.25;0.69;12.1;5
7.4;0.59;0.16;1.8;0.088;7;25;0.9997;3.19;0.47;9.8;5
5.6;0.86;0.06;2.0;0.128;4;13;0.9957;3.18;0.68;8.9;4
8.4;0.49;0.43;1.3;0.03;10;23;0.9956;3.49;0.9;11.3;6
6.5;0.47;0.45;2.2;0.013;4;15;0.995;3.24;0.69;10.3;6
9.1;0.52;0.0;1.4;0.027;10;18;0.9968;3.64;0.52;9.8;6
6.7;0.47;0.58;2.0;0.015;3;6;1.0005;3.41;0.91;10.5;6
11.0;0.67;0.38;1.8;0.019;14;47;0.9938;2.9;0.78;8.7;5
7.0;0.24;0.54;3.4;0.046;18;41;0.9928;3.45;0.79;8.5;7
7.8;0.34;0.01;3.6;0.028;2;9;0.9972;3.3;0.78;10.5;6
9.7;0.34;0.0;1.4;0.056;9;14;0.9978;3.1;0.47;10.9;6
6.2;0.7;0.24;1.9;0.03;2;7;0.9968;3.51;0.77;11.9;5
8.7;0.83;0.37;1.9;0.181;12;44;0.9978;3.24;0.89;11.4;5
10.6;0.51;0.62;1.4;0.154;5;14;0.9946;3.23;0.58;11.1;6
5.5;0.5;0.41;3.6;0.062;10;15;0.9949;3.37;0.33;11.8;5
8.6;0.54;0.22;3.0;0.038;10;16;0.9969;3.49;0.72;10.9;6
8.8;0.74;0.07;1.5;0.041;32;102;1.0;3.33;0.66;10.1;5
9.7;0.36;0.51;1.9;0.044;11;30;0.9978;3.32;0.39;11.4;7
6.2;0.57;0.08;1.4;0.09;11;41;0.9979;3.2;0.76;11.4;5
6.0;0.7;0.59;2.7;0.048;7;21;0.9947;3.48;0.75;10.4;5
9.2;0.62;0.22;1.4;0.129;37;106;0.9975;3.33;0.41;9.1;5
8.8;0.56;0.58;7.6;0.185;19;29;0.9945;3.28;0.98;8.5;6
8.8;0.71;0.4;3.5;0.037;5;18;1.0001;3.26;0.79;11.3;5
8.9;0.12;0.24;1.9;0.061;23;58;0.9948;3.47;0.34;10.9;7
7.1;0.65;0.17;2.5;0.018;8;21;0.9952;3.27;0.8;11.1;5
8.7;0.41;0.2;4.8;0.025;22;48;0.9939;3.47;0.79;11.4;6
8.8;0.2;0.35;2.4;0.044;22;38;0.9969;3.24;0.9;9.5;7
7.1;0.62;0.29;1.5;0.026;4;15;0.9968;3.42;0.55;8.4;5
11.6;0.77;0.16;1.9;0.138;15;56;0.9996;3.34;0.8;11.0;5
9.1;0.5;0.24;4.0;0.022;5;19;0.9982;3.16;0.62;11.7;6
6.2;0.7;0.29;2.8;0.048;5;15;0.9952;3.3;0.56;10.8;5
9.5;0.82;0.0;2.8;0.068;5;8;0.9984;2.97;0.51;8.8;4
6.6;0.76;0.36;4.2;0.083;17;77;0.9943;3.2;0.33;10.7;5
9.7;0.82;0.08;4.6;0.041;4;14;0.9953;3.07;0.75;9.2;5
10.3;0.66;0.05;5.0;0.134;1;6;0.9969;3.62;0.61;8.8;5
6.9;0.54;0.0;1.3;0.062;16;44;0.9945;3.07;0.33;10.4;5
10.0;0.24;0.0;2.4;0.047;3;6;0.9987;3.71;0.67;10.6;7
9.0;0.48;0.01;3.2;0.016;2;9;1.001;3.39;0.85;10.3;6
9.8;0.38;0.13;3.3;0.049;4;9;0.9961;3.23;0.44;10.9;6
11.6;0.92;0.65;2.6;0.115;7;23;0.9955;3.44;0.54;9.6;3
7.9;0.5;0.17;1.5;0.069;9;32;0.9965;3.21;0.73;10.5;6
7.0;0.55;0.31;3.6;0.119;2;6;0.9956;3.09;0.33;9.9;5
6.8;0.63;0.35;3.1;0.053;43;146;0.9972;3.32;0.57;10.2;5
6.9;0.54;0.3;1.3;0.02;16;66;0.9942;3.42;0.72;10.7;5
8.2;0.83;0.26;2.1;0.013;6;13;0.9973;3.51;0.56;11.6;5
8.9;0.42;0.04;1.5;0.034;6;18;1.0003;3.39;0.44;10.7;6
8.8;0.56;0.55;1.8;0.084;8;23;0.9929;3.23;0.45;11.1;5
9.8;0.4;0.62;1.2;0.106;13;20;0.9945;3.52;0.38;10.4;6
8.3;0.29;0.0;2.0;0.033;3;9;0.9959;3.49;0.55;10.9;7
10.8;0.42;0.07;2.4;0.053;4;14;0.9977;3.35;0.84;11.5;7
7.9;0.52;0.22;2.6;0.045;25;101;0.9984;3.5;1.06;12.4;6
13.1;0.45;0.08;2.8;0.044;5;20;0.9982;3.65;0.66;11.7;6
9.4;0.4;0.37;3.9;0.028;7;11;0.9935;3.23;0.79;10.4;6
6.8;0.28;0.13;1.6;0.021;26;110;0.9954;3.17;0.5;11.6;7
6.5;0.51;0.69;1.4;0.025;14;44;0.995;3.22;0.33;11.0;6
9.2;0.26;0.5;4.1;0.015;6;26;0.9966;3.1;0.97;9.8;7
7.9;0.66;0.31;1.5;0.025;15;40;0.9967;3.4;0.56;11.0;5
9.6;0.54;0.47;6.7;0.013;1;6;0.9941;3.06;0.78;9.2;5
9.1;0.27;0.49;4.0;0.071;17;34;0.9959;3.51;0.68;11.0;7
8.2;0.47;0.16;2.2;0.035;9;33;0.9978;3.21;0.83;12.3;6
6.8;0.39;0.11;7.2;0.229;21;72;0.9955;3.52;0.82;11.3;6
5.7;0.59;0.29;1.4;0.025;38;80;0.9963;2.92;0.71;11.7;6
7.5;0.77;0.44;1.7;0.037;32;48;0.9999;3.25;0.72;10.0;5
9.8;0.19;0.3;2.7;0.039;30;99;1.0005;3.11;0.86;10.9;7
8.7;0.55;0.0;1.8;0.013;10;33;0.9926;3.52;0.59;11.2;6
6.2;0.5;0.11;5.2;0.122;6;14;0.9969;3.57;0.92;10.1;6
8.6;0.65;0.26;1.3;0.014;9;17;1.0022;2.95;0.54;11.2;5
9.0;0.57;0.26;2.4;0.181;15;53;0.9976;3.44;0.67;10.9;6
6.8;0.39;0.66;2.5;0.146;27;120;0.9967;3.48;0.76;11.2;6
8.6;0.47;0.0;2.8;0.058;4;10;0.9992;3.36;0.38;9.3;5
8.4;0.39;0.37;1.6;0.059;31;71;0.9971;3.4;0.89;11.8;7
6.3;0.72;0.56;1.9;0.076;21;69;0.998;3.39;0.74;10.9;5
8.9;0.53;0.71;4.0;0.041;47;166;0.9963;3.44;1.22;10.3;6
9.3;0.87;0.19;1.5;0.075;26;72;0.9971;3.14;1.01;10.3;5
10.2;0.52;0.37;3.8;0.015;5;23;0.9975;3.5;0.66;10.4;6
10.2;0.4;0.38;2.4;0.015;2;9;0.9983;3.34;0.96;9.5;6
5.9;0.26;0.31;3.4;0.049;2;7;0.9959;3.33;0.8;11.7;7
6.7;0.21;0.25;3.1;0.06;5;9;0.9958;3.4;0.7;11.5;7
9.2;0.24;0.36;1.5;0.143;12;50;0.993;3.12;0.38;11.5;7
9.2;0.58;0.0;2.5;0.019;21;81;0.996;3.07;0.42;12.0;5
9.2;0.62;0.4;4.2;0.116;29;79;0.9985;3.29;0.66;10.6;5
15.0;0.24;0.3;2.0;0.026;13;42;0.9976;3.55;0.57;8.6;7
9.3;0.69;0.23;6.3;0.042;1;6;0.9948;3.13;0.7;11.1;5
10.3;0.44;0.67;2.1;0.035;3;12;0.9931;3.34;0.89;11.1;6
10.0;0.55;0.14;1.4;0.043;2;6;0.9964;3.2;0.81;12.1;6
9.5;0.82;0.19;1.9;0.022;6;13;0.9985;3.18;0.54;11.6;4
7.8;0.69;0.66;5.7;0.054;9;34;0.9958;3.39;0.82;10.6;5
9.6;0.48;0.11;1.8;0.109;2;6;0.994;3.43;0.5;10.3;6
7.0;0.37;0.16;4.2;0.047;6;16;0.9956;3.19;0.46;11.5;6
7.9;0.14;0.24;4.4;0.052;3;8;0.9973;3.52;0.72;8.4;7
7.5;0.4;0.43;1.8;0.125;13;53;0.9991;3.38;0.52;10.7;6
8.5;0.49;0.31;1.3;0.085;8;21;0.9962;3.27;0.55;11.4;6
12.3;0.35;0.02;3.1;0.052;9;28;0.9987;3.36;0.83;10.3;7
5.1;0.5;0.17;1.8;0.03;8;23;0.9985;3.62;0.77;10.0;5
9.5;0.54;0.15;3.5;0.142;38;70;0.9945;3.43;0.59;10.7;5
5.5;0.49;0.26;2.1;0.064;4;12;0.9991;3.2;0.38;11.9;6
7.5;0.41;0.35;2.2;0.027;10;30;0.9973;3.31;0.53;10.9;6
10.2;0.56;0.35;3.5;0.031;17;56;0.9944;3.33;0.99;9.7;5
8.4;0.61;0.0;1.9;0.11;11;34;1.0;3.41;0.82;11.7;6
6.4;0.33;0.48;2.1;0.015;33;154;0.9965;3.35;0.9;11.9;7
7.1;0.78;0.32;1.9;0.302;7;26;0.993;3.6;0.7;9.6;5
9.5;0.51;0.54;1.9;0.02;8;26;0.9954;3.28;0.6;13.4;7
7.0;0.53;0.36;2.3;0.107;2;7;0.9949;3.04;0.81;10.4;6
8.7;0.65;0.49;3.7;0.042;12;54;0.9954;3.34;0.88;11.4;5
8.4;0.57;0.36;1.9;0.053;5;19;0.9959;3.24;0.58;11.2;6
7.2;0.7;0.53;2.3;0.14;3;6;0.9962;3.08;0.54;9.7;5
12.1;0.58;0.37;2.9;0.044;10;39;0.9961;3.2;0.4;9.9;5
9.4;0.42;0.25;1.7;0.058;10;40;0.9965;3.26;0.53;10.5;6
4.8;0.59;0.71;1.7;0.015;2;8;0.9978;3.49;0.77;8.4;5
8.6;0.32;0.44;5.3;0.012;15;41;0.9953;3.08;0.56;11.3;7
7.2;0.55;0.38;3.1;0.029;13;33;0.9989;3.36;0.82;8.4;6
9.8;0.52;0.02;2.5;0.08;4;8;0.9944;3.65;0.99;10.4;6
6.9;0.49;0.02;2.8;0.02;9;28;0.9979;3.28;0.66;9.7;6
8.1;0.5;0.33;1.2;0.019;16;58;0.9998;3.28;0.66;11.0;6
9.2;0.19;0.3;2.6;0.044;10;26;0.9964;3.42;0.75;8.4;7
9.8;0.43;0.15;2.3;0.075;7;20;0.9971;3.39;0.56;8.6;6
6.2;0.54;0.3;2.4;0.087;6;9;0.9949;3.53;0.55;9.8;5
7.7;0.56;0.58;1.9;0.024;12;52;0.9957;3.29;0.55;11.0;6
7.5;0.34;0.41;1.3;0.017;35;60;0.9997;3.42;0.46;10.7;6
7.2;0.75;0.05;1.5;0.181;14;47;0.9981;3.42;0.81;11.5;5
11.4;0.37;0.25;5.7;0.03;2;6;0.9975;3.26;0.57;10.5;6
9.0;0.7;0.11;2.0;0.127;8;26;0.993;3.29;0.85;10.4;5
6.1;0.6;0.2;2.1;0.131;28;84;0.9953;3.31;0.75;9.3;5
9.9;0.41;0.19;1.3;0.101;2;6;1.0;3.12;0.65;10.2;6
12.0;0.85;0.18;1.3;0.023;55;151;0.9975;3.25;0.8;10.4;5
10.1;0.31;0.03;3.1;0.115;37;139;0.9977;3.54;0.5;8.4;6
5.7;0.69;0.25;2.4;0.1;2;8;0.997;3.47;0.53;9.5;5
7.5;0.71;0.16;2.3;0.066;34;89;0.9955;3.22;0.78;10.9;5
10.5;0.41;0.0;1.6;0.037;6;11;0.9973;3.31;0.33;10.6;6
7.1;0.78;0.67;3.2;0.03;23;56;0.9938;3.46;0.66;10.1;5
9.1;0.48;0.48;1.5;0.02;8;34;0.9936;3.38;0.76;9.8;6
9.7;0.58;0.2;1.5;0.055;8;19;0.9953;3.43;0.88;8.6;5
6.7;0.57;0.27;2.1;0.065;13;38;0.9971;3.39;0.92;8.4;5
8.2;0.5;0.04;1.7;0.039;19;78;0.9937;3.34;0.64;10.1;6
4.6;0.67;0.6;1.6;0.051;1;6;0.9969;3.29;0.79;12.0;5
6.5;0.67;0.64;2.8;0.039;12;34;0.9948;3.13;0.52;10.5;5
7.9;0.22;0.3;2.8;0.073;3;13;0.9951;3.42;0.58;11.5;7
6.1;0.76;0.47;3.8;0.151;6;27;0.9992;3.28;0.89;9.2;5
11.2;0.23;0.31;2.0;0.023;6;15;0.9968;3.06;0.65;10.7;7
5.8;0.71;0.01;1.3;0.041;9;35;0.995;3.23;0.69;9.7;5
7.6;0.73;0.19;1.7;0.021;6;16;0.9971;3.44;0.48;9.6;5
8.5;0.33;0.3;7.1;0.071;2;6;0.9939;3.02;0.73;11.2;7
10.8;0.45;0.18;2.6;0.09;3;9;0.9974;3.15;0.79;10.3;6
5.8;0.33;0.23;3.1;0.173;1;6;0.9988;3.33;0.78;8.9;6
10.3;0.49;0.25;1.2;0.032;9;29;0.998;3.53;0.45;10.5;6
8.3;0.47;0.26;2.3;0.192;38;210;1.0008;3.46;0.83;9.7;6
6.6;0.67;0.28;1.3;0.016;2;10;0.993;3.54;0.49;8.9;5
9.1;0.76;0.06;2.5;0.067;36;105;0.9969;3.34;0.65;9.4;5
8.7;0.78;0.13;5.0;0.016;17;65;0.9941;3.28;0.38;12.6;5
7.3;0.43;0.02;6.4;0.147;13;30;0.9964;3.44;0.63;11.7;6
8.4;0.49;0.46;2.4;0.057;13;32;0.9967;3.17;0.49;8.4;5
7.6;0.23;0.0;2.1;0.078;22;65;1.001;3.16;0.58;10.2;7
8.5;0.38;0.5;5.6;0.119;2;7;0.9966;3.13;0.67;10.3;6
9.5;0.7;0.54;2.9;0.022;9;19;0.9966;3.48;0.8;10.1;5
11.1;0.82;0.21;1.3;0.014;15;42;0.9986;3.18;0.79;9.7;4
6.2;0.31;0.0;2.1;0.139;12;33;0.9966;3.47;0.33;11.2;6
12.0;0.42;0.2;1.6;0.035;22;95;1.0002;3.33;0.77;11.4;6
4.9;0.52;0.26;2.2;0.02;2;6;0.998;3.48;0.69;11.5;6
8.1;0.58;0.07;2.1;0.05;15;29;0.9983;3.14;0.56;10.8;5
9.3;0.38;0.17;2.5;0.067;10;32;0.9932;3.21;0.51;11.1;6
8.8;0.6;0.57;1.9;0.014;7;26;1.0005;3.38;0.65;10.1;5
7.2;0.44;0.4;1.5;0.031;6;21;0.9955;3.24;0.7;8.7;6
8.0;0.53;0.09;2.3;0.014;13;41;0.9967;2.93;0.72;8.7;5
7.5;0.63;0.0;3.9;0.045;28;76;0.9955;3.1;0.62;9.5;5
7.3;0.53;0.21;2.8;0.147;9;33;0.9948;3.14;0.33;10.2;5
9.8;0.45;0.23;1.8;0.255;22;80;0.9944;3.15;0.57;9.0;6
8.9;0.51;0.37;5.3;0.073;7;20;0.9969;3.42;0.46;9.2;5
7.1;0.51;0.17;4.8;0.023;2;6;0.993;3.36;1.01;10.0;6
9.9;0.46;0.37;1.6;0.154;2;6;0.9962;3.34;0.67;11.3;6
8.9;0.48;0.65;1.3;0.056;2;6;0.9987;3.62;0.78;10.8;6
9.7;0.81;0.43;3.2;0.022;7;12;0.9979;3.49;0.77;9.5;5
9.4;0.63;0.26;3.8;0.165;6;26;0.9975;3.43;0.71;10.5;5
6.9;0.48;0.24;6.4;0.097;16;43;0.995;3.08;0.59;9.0;6
7.3;0.65;0.2;4.5;0.091;17;56;0.9937;3.32;0.57;9.5;5
9.6;0.47;0.5;2.6;0.086;2;6;0.9987;3.36;0.33;8.6;5
9.4;0.74;0.15;2.3;0.025;4;10;0.9958;3.25;0.68;10.9;5
8.3;0.59;0.28;1.2;0.026;5;13;0.9965;3.57;0.71;10.1;5
8.5;0.51;0.28;1.6;0.082;11;33;0.9963;3.32;0.65;10.3;6
10.5;0.61;0.17;2.1;0.027;3;7;0.998;3.12;0.68;11.3;6
7.3;0.25;0.0;2.7;0.047;3;6;1.0002;3.16;0.45;9.4;6
9.3;0.33;0.33;2.4;0.103;36;79;0.9995;3.66;0.61;10.9;6
8.0;0.31;0.26;3.2;0.104;21;82;0.9923;3.25;0.55;12.5;6
7.9;0.55;0.37;1.7;0.048;3;11;0.9961;2.99;0.77;9.4;5
10.2;0.84;0.17;2.4;0.106;7;17;0.9941;3.22;0.66;8.7;4
9.8;0.93;0.51;1.3;0.121;6;23;0.9985;3.03;0.55;9.1;4
9.7;0.64;0.1;2.0;0.076;20;48;0.9967;3.45;0.63;10.8;5
10.6;0.62;0.6;3.3;0.028;10;14;0.9979;3.01;0.48;12.3;6
8.4;0.21;0.0;3.0;0.031;3;9;0.996;3.1;0.6;12.2;7
9.5;0.43;0.36;8.2;0.035;17;74;0.9947;3.31;0.76;11.3;6
7.8;0.39;0.36;1.7;0.019;7;24;0.9951;3.48;0.43;11.4;6
8.9;0.42;0.12;2.2;0.031;5;7;0.9938;3.3;0.65;10.9;6
8.1;0.5;0.35;1.8;0.026;7;20;0.9943;3.12;0.53;11.2;6
8.5;0.44;0.52;2.1;0.048;9;26;0.9939;3.34;0.43;10.7;6
9.4;0.17;0.0;4.1;0.155;6;20;0.9947;3.24;0.98;9.6;7
6.9;0.66;0.37;2.9;0.019;4;10;0.9946;3.49;0.87;12.3;5
12.0;0.34;0.0;4.4;0.088;7;19;0.9974;3.44;0.56;11.8;7
6.6;0.57;0.08;1.5;0.082;1;6;0.9974;3.23;0.61;9.6;5
6.2;0.9;0.59;4.3;0.018;19;60;0.9974;3.43;0.33;11.1;4
10.3;0.36;0.16;1.3;0.166;3;6;0.9989;3.35;0.39;12.0;7
9.7;0.12;0.04;4.5;0.062;2;6;0.9966;3.52;0.47;10.9;7
9.4;0.48;0.23;1.8;0.039;14;33;0.9952;3.42;0.65;10.2;6
9.4;0.73;0.67;1.8;0.097;19;28;1.0009;3.4;0.64;11.9;5
8.3;0.88;0.0;2.3;0.03;21;77;0.9984;3.52;0.71;10.7;4
6.8;0.31;0.07;5.4;0.083;9;31;0.997;3.31;0.77;9.7;7
8.5;0.62;0.56;1.3;0.014;4;15;0.9969;3.19;0.71;9.2;5
7.1;0.44;0.63;1.9;0.122;17;26;0.9973;3.34;0.47;8.4;5
10.0;0.51;0.25;4.1;0.048;15;38;0.9963;3.26;0.71;12.5;6
8.1;1.0;0.03;2.0;0.073;4;14;0.9969;3.4;0.77;9.5;4
6.9;0.26;0.68;1.5;0.027;29;100;0.9976;3.32;0.59;11.5;7
7.8;0.57;0.58;2.0;0.08;2;6;0.9953;3.37;0.34;9.4;5
9.0;0.61;0.4;1.9;0.101;50;166;0.9936;3.13;0.86;10.6;5
7.3;0.72;0.11;4.9;0.05;25;63;0.9928;3.39;0.67;10.9;5
6.9;0.55;0.26;3.4;0.07;15;23;0.9984;3.11;0.33;9.1;5
8.7;0.58;0.24;2.3;0.049;35;83;0.9937;3.46;1.01;11.4;6
8.7;0.46;0.34;7.9;0.147;16;56;0.9976;3.46;0.58;10.2;6
7.4;0.58;0.55;2.1;0.053;4;6;0.9945;3.36;1.07;11.0;6
7.5;0.47;0.44;1.3;0.123;8;28;0.9945;3.36;0.72;12.0;6
8.7;0.64;0.06;1.7;0.109;2;6;0.9953;3.28;0.62;11.2;5
5.8;0.46;0.54;2.1;0.044;7;19;0.9971;3.22;0.69;10.3;6
5.9;0.6;0.33;1.5;0.028;17;29;0.9943;3.31;0.54;12.5;6
7.1;0.52;0.4;5.6;0.043;7;12;0.9955;3.62;0.67;10.4;6
7.9;0.73;0.56;3.4;0.117;6;16;0.9967;3.35;1.0;10.5;5
8.9;0.52;0.05;1.7;0.027;12;25;0.9944;3.1;0.51;10.2;5
10.9;0.21;0.26;2.5;0.057;26;70;0.9994;3.05;0.75;9.1;7
9.8;0.75;0.17;3.1;0.11;2;6;0.9934;3.09;0.54;9.0;4
8.0;0.37;0.0;5.5;0.038;7;19;0.9963;3.25;0.63;9.8;6
8.3;0.41;0.34;4.4;0.074;3;8;0.9991;3.51;0.99;9.3;6
6.6;0.42;0.76;2.3;0.029;15;42;0.9942;3.15;0.75;10.1;6
8.3;0.77;0.0;3.4;0.019;2;9;0.9965;3.53;0.78;11.3;5
7.8;0.15;0.26;2.4;0.107;14;57;0.997;3.34;0.67;10.0;7
8.9;1.09;0.4;2.4;0.018;5;17;0.9952;3.39;1.12;10.7;4
6.9;0.72;0.3;1.4;0.031;4;11;0.9966;3.38;0.5;9.9;5
9.2;0.57;0.25;1.4;0.128;34;108;0.9978;3.4;0.39;13.1;6
11.0;0.52;0.02;2.3;0.038;1;6;0.9958;3.25;0.94;12.0;6
8.1;0.58;0.32;1.7;0.229;8;27;0.9982;2.95;0.59;10.2;5
9.0;0.62;0.12;1.2;0.246;1;6;0.9974;3.22;0.73;10.7;5
9.5;0.64;0.0;3.1;0.031;9;24;0.9956;3.17;0.95;9.0;5
7.6;0.63;0.5;1.2;0.015;9;18;0.9988;3.36;0.73;10.2;5
8.7;0.54;0.46;2.6;0.085;6;14;0.9953;3.34;1.04;9.8;6
8.3;0.49;0.28;2.4;0.048;3;7;0.9983;3.27;0.68;11.2;6
8.5;0.5;0.32;6.4;0.018;7;29;0.9953;3.58;0.54;9.4;5
7.0;0.49;0.48;2.2;0.086;14;52;0.9961;3.21;0.33;12.2;6
8.4;0.73;0.31;1.3;0.014;19;48;0.9964;2.97;0.71;10.3;5
9.2;0.63;0.45;2.4;0.135;10;37;0.9973;3.33;0.33;9.5;5
10.8;0.12;0.21;4.0;0.021;12;34;0.9921;3.49;0.71;10.5;7
10.0;0.65;0.53;9.8;0.02;4;16;0.9976;3.36;0.91;11.2;5
12.1;0.56;0.33;2.0;0.024;5;14;0.9965;3.26;0.66;11.0;6
7.0;0.52;0.31;1.8;0.206;3;6;0.9972;3.35;0.69;10.6;6
9.8;0.46;0.02;4.8;0.083;4;13;0.9977;3.59;0.81;11.4;6
8.6;0.73;0.33;1.5;0.109;4;11;0.9974;3.18;0.77;11.3;5
12.1;0.7;0.11;2.6;0.042;10;19;0.9929;3.32;0.86;11.3;5
6.9;0.39;0.15;2.0;0.037;11;38;0.9947;3.41;0.65;10.1;6
6.9;0.6;0.11;1.3;0.028;36;148;0.9973;3.35;0.33;10.1;5
7.3;0.35;0.06;1.8;0.051;4;8;0.9971;3.27;0.86;10.2;7
4.6;0.28;0.69;1.7;0.06;13;50;0.9952;3.25;0.62;9.9;6
7.4;0.42;0.53;2.9;0.072;21;54;0.9981;3.27;0.51;10.5;6
7.0;0.68;0.65;5.7;0.03;11;32;0.9962;3.39;0.72;10.4;5
8.6;0.7;0.03;1.7;0.19;5;13;0.9984;3.38;0.69;12.2;5
8.9;0.62;0.28;3.7;0.023;5;14;0.999;3.63;0.53;9.9;5
11.6;0.66;0.02;1.3;0.214;1;6;0.9972;3.07;0.44;9.4;5
10.0;0.62;0.14;2.4;0.013;5;12;0.9978;3.58;0.74;11.1;6
7.3;0.41;0.09;1.3;0.051;17;70;0.9955;3.28;0.51;10.5;6
6.8;0.61;0.51;5.3;0.036;2;6;0.9984;3.3;0.68;9.7;5
9.2;0.67;0.19;3.4;0.048;4;15;0.9971;3.44;0.72;11.3;5
6.0;0.66;0.48;2.8;0.063;16;37;0.9961;3.44;0.82;10.1;5
11.5;0.74;0.39;3.8;0.046;19;41;0.9944;3.49;1.02;12.1;5
10.4;0.65;0.72;2.8;0.044;8;33;0.9958;3.52;0.7;9.4;5
7.5;0.59;0.0;6.4;0.091;15;32;0.9946;3.3;0.59;9.8;5
5.3;0.72;0.52;3.1;0.081;7;21;0.9981;3.52;0.94;10.6;5
10.7;0.52;0.49;5.1;0.119;3;12;0.999;3.21;0.84;11.9;6
8.1;0.37;0.08;2.3;0.029;7;21;0.9984;3.26;0.69;9.7;6
10.5;0.5;0.47;1.4;0.068;11;45;1.0014;3.28;0.7;10.8;6
5.5;0.39;0.34;2.3;0.065;36;102;0.9958;3.23;0.66;9.2;6
7.3;0.41;0.23;1.4;0.04;2;6;0.9978;3.32;0.69;11.4;6
8.3;0.5;0.11;2.5;0.052;9;31;0.9945;3.45;0.64;9.7;6
8.4;0.39;0.13;2.2;0.035;6;18;0.9963;3.41;0.49;11.1;6
7.5;0.47;0.67;2.7;0.021;10;49;0.9939;3.22;0.66;11.1;6
9.4;0.19;0.27;1.2;0.026;1;6;0.9978;3.2;0.96;8.5;7
6.5;0.57;0.42;1.5;0.019;6;15;0.996;3.18;0.52;10.6;5
8.1;0.53;0.12;2.2;0.081;22;52;0.9928;3.32;0.61;9.9;5
8.5;0.38;0.12;5.7;0.077;11;31;0.9954;3.07;0.51;11.0;6
9.2;0.65;0.48;1.9;0.192;8;23;1.0001;3.17;0.85;9.5;5
9.6;0.7;0.01;2.0;0.09;5;12;0.9975;3.24;0.8;9.8;5
6.4;0.24;0.19;3.1;0.015;5;18;0.9982;3.47;0.44;11.7;7
5.7;0.39;0.28;2.6;0.141;7;19;0.9969;3.29;0.33;11.6;6
10.5;0.39;0.29;1.7;0.131;23;92;0.9964;3.47;0.81;9.4;6
8.9;0.36;0.24;2.0;0.047;42;104;0.9967;3.34;0.43;12.3;6
7.0;0.68;0.35;1.6;0.065;8;36;0.9972;3.24;0.8;8.4;5
11.0;0.49;0.41;6.3;0.236;7;23;0.9946;3.24;0.55;10.6;6
8.5;0.48;0.41;1.4;0.058;23;94;0.9981;3.13;0.78;9.0;5
10.4;0.17;0.08;1.9;0.153;8;24;0.9988;3.68;0.73;10.8;7
8.4;0.64;0.22;1.2;0.017;11;25;0.9963;3.48;0.57;10.1;5
11.9;0.31;0.5;1.6;0.025;4;12;0.9957;3.4;0.51;9.3;6
11.4;0.54;0.45;3.5;0.047;17;33;0.9953;3.11;0.76;9.6;5
7.9;0.58;0.0;1.5;0.065;10;29;1.0;3.24;0.54;9.6;5
10.0;0.77;0.34;1.3;0.114;21;65;0.9958;3.16;0.85;10.5;5
9.4;0.29;0.0;2.2;0.279;19;58;0.9979;3.33;0.52;11.5;6
10.7;0.12;0.28;1.2;0.042;4;16;0.9963;3.17;0.72;12.5;8
6.6;0.56;0.64;1.3;0.015;16;46;0.9962;3.21;0.59;10.2;6
9.5;0.85;0.09;3.7;0.109;20;30;0.9952;3.17;0.66;10.7;5
10.2;0.75;0.11;3.4;0.068;6;36;0.9949;3.27;0.54;11.7;5
5.3;0.57;0.42;4.9;0.025;3;8;0.9981;3.32;0.63;9.9;5
6.3;0.44;0.0;4.1;0.053;1;6;0.9948;3.28;0.33;9.6;5
4.8;0.67;0.15;2.9;0.093;8;15;0.9976;3.55;0.52;12.5;5
7.9;0.35;0.39;1.3;0.1;6;20;0.9969;3.44;0.56;10.2;7
9.6;0.61;0.15;3.5;0.054;11;25;0.9981;3.19;0.65;10.7;5
10.9;0.62;0.22;4.0;0.034;3;6;0.9955;3.36;0.88;8.7;5
8.4;0.72;0.42;3.6;0.23;25;68;0.9988;3.2;0.54;9.9;5
11.2;1.02;0.35;2.3;0.077;5;14;0.9964;3.25;0.9;12.4;4
5.9;0.6;0.32;1.6;0.043;4;12;1.0016;3.38;0.51;10.9;5
5.4;0.44;0.2;4.0;0.032;9;28;0.9936;3.41;0.47;10.4;6
8.2;0.52;0.34;3.1;0.091;9;26;1.0013;3.22;0.34;11.9;6
9.0;0.21;0.25;7.1;0.029;4;12;0.9965;3.14;0.76;8.7;6
8.3;0.4;0.36;1.5;0.023;5;15;0.9971;3.32;0.67;10.0;6
4.7;0.45;0.17;1.6;0.057;3;10;0.9956;3.38;0.75;12.9;6
8.2;0.43;0.24;1.6;0.033;16;46;0.9937;3.21;0.68;10.4;6
6.1;0.56;0.08;3.6;0.071;19;43;0.9957;3.44;0.66;10.4;5
9.5;0.38;0.26;1.5;0.02;8;29;0.996;3.41;0.71;11.7;6
9.0;0.73;0.11;1.3;0.076;16;44;0.997;3.21;1.02;11.8;5
6.7;0.53;0.05;11.0;0.032;17;46;0.9988;3.49;0.58;9.0;5
7.4;0.53;0.32;1.2;0.012;3;9;0.9971;3.49;1.01;10.9;6
6.5;0.47;0.31;3.9;0.02;42;132;0.9971;3.63;0.8;12.3;6
8.2;0.56;0.42;1.9;0.175;22;53;0.9974;3.57;0.72;9.7;6
10.0;0.68;0.19;4.0;0.133;4;15;0.9934;3.17;0.75;10.0;5
6.6;0.37;0.35;2.4;0.028;3;7;0.9935;3.45;0.33;10.5;6
9.2;0.41;0.38;4.7;0.102;3;6;0.9939;3.45;0.61;11.2;6
7.4;0.47;0.36;5.1;0.068;3;10;0.996;3.26;0.54;8.9;6
6.9;0.29;0.11;1.2;0.224;18;77;0.9931;3.38;1.02;8.4;7
8.1;0.38;0.3;1.3;0.04;9;22;0.9954;3.02;0.6;10.7;6
6.5;0.44;0.34;1.6;0.081;19;64;0.9941;3.02;0.65;11.7;6
7.4;0.68;0.27;2.9;0.016;17;36;0.9976;3.05;0.65;10.1;5
6.2;0.57;0.0;4.5;0.042;12;27;0.9975;3.37;0.44;9.8;5
11.7;0.56;0.3;2.1;0.211;15;58;0.9961;3.38;0.56;10.2;5
8.4;0.68;0.7;2.6;0.058;1;6;0.9931;3.27;0.8;12.1;5
7.1;0.5;0.2;1.5;0.032;5;22;0.9962;3.58;0.33;9.7;5
8.7;0.6;0.13;3.7;0.02;13;51;0.9973;3.46;0.71;11.0;5
8.1;0.51;0.34;6.3;0.085;1;6;0.9982;3.06;0.5;9.2;5
7.9;0.58;0.33;1.7;0.074;1;6;1.0;3.28;0.88;9.2;5
9.4;0.42;0.5;2.2;0.04;24;77;0.9988;3.17;0.73;11.3;6
9.6;0.12;0.03;1.3;0.193;15;24;0.997;3.37;0.4;12.2;8
7.4;0.5;0.41;2.4;0.013;5;10;0.9962;3.31;0.59;11.4;6
7.3;0.78;0.39;2.2;0.034;15;62;0.9953;3.18;0.74;8.4;5
7.8;0.69;0.24;1.4;0.164;20;51;0.9993;3.57;0.61;10.0;5
4.6;0.7;0.34;2.1;0.035;5;19;0.997;3.32;0.68;10.7;5
5.7;0.75;0.47;1.8;0.029;1;6;0.9979;3.25;0.65;10.5;5
10.7;0.54;0.44;2.3;0.058;33;82;0.9956;3.27;0.81;8.4;6
11.2;0.56;0.05;2.5;0.116;6;10;0.9943;3.56;0.73;9.0;6
7.9;0.42;0.43;1.2;0.019;2;7;0.9959;3.45;0.65;9.6;6
9.3;0.47;0.26;3.3;0.184;9;38;0.9961;3.29;0.66;10.3;6
8.9;0.64;0.29;3.1;0.107;19;46;0.9971;3.16;0.47;8.4;5
13.7;0.74;0.29;1.9;0.024;4;12;0.9953;3.18;0.91;11.1;5
10.3;0.5;0.24;1.3;0.087;5;9;0.9967;3.24;1.16;10.3;6
8.1;0.45;0.5;3.3;0.041;4;11;0.9989;3.39;0.6;9.3;6
6.7;0.53;0.25;5.9;0.043;58;191;0.9935;3.43;0.67;10.6;6
5.5;0.64;0.05;1.6;0.104;4;13;0.9927;3.2;0.83;8.9;5
8.7;0.27;0.19;1.8;0.209;11;39;0.9991;3.43;0.83;10.4;7
7.0;0.12;0.31;1.5;0.02;32;48;0.9939;3.17;0.69;8.5;8
5.8;0.43;0.51;2.5;0.045;3;8;0.996;3.22;0.49;8.6;5
7.2;0.31;0.39;1.5;0.051;43;97;0.9979;3.09;0.97;9.9;7
6.4;0.44;0.11;1.9;0.04;36;100;0.9966;3.08;0.77;9.7;6
11.3;0.5;0.76;3.0;0.039;27;78;0.9966;3.17;0.7;10.8;6
9.9;0.45;0.32;2.4;0.015;4;15;0.9968;3.31;0.54;10.4;6
8.3;0.79;0.52;1.9;0.081;13;42;1.0015;3.16;0.67;12.7;5
10.9;0.59;0.24;2.0;0.046;18;75;1.0001;3.54;0.35;10.1;5
8.5;0.58;0.38;2.4;0.025;52;128;0.9954;3.17;0.78;8.4;5
6.8;0.64;0.43;1.2;0.114;3;6;0.9987;3.34;0.83;8.4;5
11.0;0.32;0.51;1.3;0.109;18;77;0.9977;3.51;0.7;9.1;6
9.3;0.71;0.48;4.4;0.052;6;20;0.9967;3.33;0.49;14.0;5
6.5;0.51;0.44;1.3;0.033;3;8;0.995;3.25;0.73;10.4;6
8.0;0.65;0.21;3.0;0.073;8;25;0.9976;3.33;0.79;11.6;6
6.8;0.34;0.16;5.0;0.032;20;73;0.9961;3.22;0.53;11.5;6
5.9;0.25;0.34;1.7;0.028;9;26;0.996;3.16;0.82;9.1;7
9.9;0.67;0.45;1.9;0.091;10;25;0.9952;3.41;0.75;8.5;5
11.6;0.6;0.23;2.5;0.014;65;172;0.9986;3.22;0.61;11.1;5
5.9;0.37;0.48;4.4;0.018;7;23;0.9952;3.46;0.56;8.4;6
9.3;0.37;0.55;5.5;0.012;12;39;0.9953;3.43;0.63;11.5;7
7.2;0.73;0.09;3.2;0.022;6;26;0.9982;3.34;0.49;10.3;5
7.5;0.32;0.11;1.3;0.016;7;19;0.9964;3.46;0.7;11.1;6
7.3;0.82;0.24;2.9;0.34;15;34;0.9965;3.23;0.75;10.7;5
6.8;0.37;0.33;2.0;0.032;34;174;0.9987;3.43;0.86;10.8;6
8.4;0.64;0.17;2.2;0.022;10;33;0.9992;3.43;0.71;10.5;5
6.9;0.47;0.53;1.3;0.029;19;68;0.9927;3.26;0.72;10.7;6
8.8;0.64;0.35;1.5;0.177;2;7;0.9965;3.24;0.61;10.5;5
8.2;0.43;0.28;3.5;0.056;4;12;0.994;3.36;0.51;8.9;6
7.9;0.5;0.0;2.1;0.039;9;26;0.996;3.61;0.58;10.0;6
6.7;0.54;0.01;1.7;0.136;1;6;0.9967;3.28;0.9;12.7;6
7.3;0.35;0.33;1.9;0.042;4;10;0.996;3.24;0.77;10.8;7
9.6;0.66;0.0;4.1;0.036;10;32;0.9948;3.49;0.73;11.6;5
9.2;0.44;0.47;3.3;0.026;1;6;0.9947;3.32;0.35;9.4;5
6.6;0.49;0.24;1.7;0.04;5;14;0.9981;3.44;0.71;9.3;6
8.5;0.35;0.9;1.4;0.035;10;34;0.9996;3.54;0.43;9.1;6
9.6;0.12;0.72;1.6;0.08;11;41;0.9928;3.02;0.44;9.0;7
5.4;0.49;0.24;5.0;0.033;32;112;0.9961;3.31;0.46;8.7;5
9.3;0.96;0.25;2.5;0.064;13;51;0.9981;3.28;0.53;10.7;4
7.2;0.67;0.47;2.3;0.016;7;32;0.9966;3.16;0.8;10.0;5
9.3;0.52;0.6;2.6;0.025;33;128;0.9946;3.02;0.7;11.4;6
7.0;0.48;0.0;1.9;0.043;19;61;0.9958;3.07;0.5;10.1;6
5.2;0.53;0.0;3.7;0.178;4;11;0.9973;3.33;0.56;8.4;5
5.5;0.63;0.15;2.3;0.04;3;8;0.9961;3.23;0.74;10.9;5
8.4;0.32;0.38;1.4;0.077;15;40;0.9966;3.19;0.78;8.4;7
8.8;0.73;0.37;1.4;0.03;11;42;0.9967;3.33;0.68;10.6;5
6.7;0.66;0.48;2.4;0.02;20;68;0.9957;3.2;0.46;9.6;5
9.4;0.66;0.04;5.3;0.016;17;46;0.9983;3.51;0.59;10.7;5
5.4;0.61;0.0;1.8;0.034;13;52;0.9958;3.22;1.06;8.9;6
8.2;0.53;0.44;4.3;0.022;53;145;0.9948;3.54;0.45;11.3;5
6.2;0.65;0.11;3.4;0.023;10;23;1.0009;3.31;0.72;10.5;5
7.2;0.63;0.0;1.6;0.098;2;7;0.9966;3.21;1.02;10.1;5
8.4;0.46;0.3;1.3;0.013;22;52;0.9918;3.2;0.61;8.6;6
6.8;0.43;0.43;1.4;0.061;4;17;0.9991;3.54;0.97;12.4;7
7.7;0.55;0.25;3.2;0.041;19;44;0.9991;3.42;0.54;9.4;5
10.1;0.81;0.18;1.5;0.054;39;113;0.9976;3.19;0.33;10.7;4
7.3;0.31;0.24;1.9;0.062;15;57;0.9979;3.33;0.56;9.4;6
9.8;0.27;0.2;2.2;0.035;12;29;1.0008;2.95;0.53;14.5;7
6.4;0.56;0.01;3.1;0.033;8;28;0.9949;3.11;0.37;10.6;6
9.2;0.54;0.13;1.4;0.091;6;14;0.997;3.2;0.59;9.8;5
10.8;0.56;0.37;2.0;0.135;6;20;1.0004;3.19;0.83;11.1;6
4.6;0.57;0.33;2.2;0.025;13;45;1.0008;3.5;0.56;11.2;5
6.9;0.49;0.3;2.4;0.018;18;52;0.996;3.02;0.59;10.8;6
9.3;0.79;0.08;3.8;0.149;15;44;1.0005;3.09;0.89;10.1;5
8.0;0.24;0.24;1.5;0.038;4;12;0.9982;3.38;0.53;10.9;7
9.0;0.38;0.0;3.7;0.06;9;25;0.9995;3.35;0.76;10.3;6
7.3;0.51;0.31;3.0;0.039;20;74;0.9982;3.26;0.37;10.4;5
8.5;0.23;0.55;2.4;0.02;9;36;0.9973;3.63;0.49;9.6;6
8.0;0.5;0.0;3.0;0.065;10;23;1.0009;3.41;0.62;8.9;6
10.4;0.83;0.16;2.0;0.057;19;83;0.9957;3.5;0.86;11.0;5
8.8;0.53;0.34;1.4;0.026;14;39;1.0003;3.3;0.5;11.1;5
8.9;0.57;0.52;2.8;0.048;7;34;1.0006;3.23;0.5;11.8;6
7.6;0.3;0.18;2.3;0.108;28;78;0.9993;3.23;0.7;10.5;7
7.5;0.42;0.14;2.7;0.066;3;11;0.9966;3.45;0.73;10.2;6
7.6;0.46;0.0;1.8;0.018;66;235;0.9972;3.43;0.48;8.9;6
9.0;0.47;0.29;4.8;0.06;3;7;0.9943;3.28;0.57;10.4;6
7.6;0.76;0.67;2.5;0.085;1;6;0.9958;3.38;0.84;10.8;5
8.8;0.63;0.33;1.3;0.106;27;114;0.9979;3.46;0.46;8.5;5
11.9;0.33;0.27;2.1;0.072;4;12;0.994;3.22;0.72;11.6;7
9.8;0.57;0.33;3.3;0.022;17;45;0.9961;3.26;0.57;9.7;5
7.8;0.62;0.27;3.6;0.086;21;44;1.0004;3.38;0.9;10.2;5
10.4;0.73;0.11;2.2;0.08;25;104;0.9964;3.04;0.76;11.1;5
7.6;0.81;0.43;4.6;0.013;58;153;0.9987;3.38;0.81;10.4;5
4.8;0.35;0.32;1.7;0.044;5;21;0.9978;3.14;0.57;11.9;6
6.6;0.38;0.27;2.0;0.036;16;40;0.9961;3.46;0.8;11.1;7
5.1;0.3;0.08;4.6;0.078;2;10;0.9964;3.64;0.79;10.3;7
7.7;0.49;0.53;4.6;0.027;7;26;0.997;3.2;0.75;8.4;5
8.4;0.61;0.4;2.9;0.066;24;66;0.9928;3.1;0.61;11.5;5
11.2;0.7;0.16;4.1;0.159;6;16;0.9985;3.28;0.69;9.2;5
8.9;0.51;0.47;1.3;0.108;12;29;0.9965;3.27;0.34;11.3;6
7.9;0.47;0.17;4.2;0.165;9;23;0.9986;3.41;0.96;10.9;6
9.8;0.56;0.12;1.8;0.242;13;52;0.9974;3.35;0.56;10.2;5
4.6;0.38;0.12;1.5;0.013;44;139;0.9964;3.27;0.6;11.4;6
8.7;0.9;0.0;1.6;0.07;2;6;0.9971;3.32;0.43;11.0;4
9.7;0.24;0.36;2.0;0.044;11;31;0.9971;3.14;0.77;10.8;7
5.7;0.56;0.0;1.6;0.13;25;72;0.9995;3.44;0.75;8.6;5
10.3;0.89;0.03;1.8;0.029;9;13;0.9968;3.56;0.61;10.5;4
8.9;0.53;0.0;1.4;0.25;2;6;0.9972;3.13;0.33;9.1;5
7.6;0.49;0.25;1.7;0.069;11;39;0.9943;3.07;0.54;9.2;5
9.4;0.46;0.24;2.5;0.107;6;17;0.9966;3.25;0.74;10.0;6
12.3;0.5;0.21;2.1;0.017;3;10;0.9995;3.12;0.7;12.0;6
8.6;0.77;0.07;1.8;0.024;24;80;0.9975;3.11;0.65;10.8;5
8.8;0.13;0.04;3.3;0.097;10;27;0.9946;3.1;0.59;10.9;7
7.5;0.8;0.36;4.6;0.013;33;120;0.9948;3.28;0.39;11.2;5
6.8;0.27;0.16;3.3;0.114;21;86;0.9953;3.25;0.82;9.5;7
9.8;0.48;0.33;1.8;0.013;15;27;0.9986;3.37;0.41;8.7;5
6.8;0.45;0.1;3.2;0.076;1;6;0.9984;3.22;0.62;8.5;6
8.4;0.63;0.31;1.4;0.039;8;37;0.9901;3.12;0.48;10.7;5
7.5;0.24;0.53;1.4;0.069;4;11;0.9965;3.31;0.83;11.5;7
9.2;0.61;0.39;1.8;0.083;30;89;0.997;3.15;0.76;11.4;6
8.9;0.89;0.19;3.7;0.037;3;9;0.9949;3.39;0.6;9.5;4
10.1;0.28;0.32;1.6;0.019;5;20;0.996;3.05;0.78;11.9;7
7.4;0.56;0.22;1.3;0.016;10;22;0.9992;2.98;0.4;12.6;5
7.9;0.41;0.27;1.4;0.065;5;17;0.9975;3.06;0.64;11.1;6
6.6;0.6;0.21;4.1;0.056;4;11;0.9958;3.25;0.48;12.0;5
7.5;0.53;0.24;2.7;0.093;12;29;0.9963;3.27;0.83;11.4;6
9.0;0.41;0.31;1.6;0.055;2;6;0.9963;3.33;0.72;10.2;6
9.6;0.62;0.08;2.4;0.045;2;6;0.9972;3.22;0.77;9.7;5
6.7;0.85;0.07;2.3;0.042;7;17;0.994;3.18;0.56;8.7;4
9.8;0.49;0.0;2.8;0.014;16;63;0.9954;3.53;0.78;9.9;6
10.7;0.66;0.0;1.6;0.037;11;26;0.9987;3.49;0.47;10.2;5
9.0;0.3;0.03;4.2;0.236;8;24;0.9966;3.46;0.49;10.2;7
11.6;0.36;0.3;1.8;0.136;11;38;0.9951;3.36;0.63;10.3;7
7.0;0.61;0.1;3.0;0.036;6;20;0.9952;3.37;0.5;8.4;5
6.2;0.79;0.37;1.2;0.065;34;123;0.9981;3.19;0.78;11.3;5
5.2;0.59;0.28;1.9;0.125;2;6;0.9957;3.33;0.58;11.4;5
10.9;0.47;0.0;1.9;0.047;14;50;0.9977;3.17;0.47;10.8;6
9.5;0.53;0.4;2.4;0.013;28;97;0.9955;3.15;0.45;9.2;5
8.2;0.3;0.43;1.3;0.017;21;78;0.9946;3.06;0.78;10.8;7
8.8;0.64;0.08;3.5;0.055;3;6;0.9972;3.37;0.33;10.4;5
6.4;0.69;0.35;1.6;0.221;5;18;0.9965;3.34;0.49;10.9;5
12.6;0.45;0.1;2.9;0.083;16;60;0.998;3.26;0.9;12.1;7
8.5;0.44;0.29;3.6;0.016;2;6;0.9984;3.24;0.6;10.2;6
8.5;0.58;0.02;2.4;0.025;21;54;0.996;3.03;0.78;10.6;5
9.6;0.45;0.0;3.2;0.101;16;40;0.9974;3.35;0.73;9.5;6
9.2;0.52;0.2;2.8;0.122;17;36;0.996;3.26;0.63;11.4;6
8.7;0.9;0.25;1.9;0.07;2;8;0.9979;3.45;0.38;11.2;4
6.9;0.48;0.19;3.7;0.074;16;78;0.9971;3.33;0.43;10.7;6
9.1;0.46;0.04;1.7;0.014;15;37;0.9955;3.42;0.43;9.3;5
11.6;0.41;0.19;2.5;0.118;22;59;0.9954;3.31;0.74;9.7;6
10.7;0.66;0.32;3.3;0.105;2;6;0.9972;3.34;0.77;8.5;5
11.1;0.5;0.26;1.9;0.03;1;6;0.9989;3.45;0.51;9.7;5
7.4;0.41;0.31;1.7;0.086;7;16;0.9984;3.28;0.64;11.2;6
6.6;0.76;0.14;2.1;0.027;3;9;0.9949;3.38;0.66;10.8;5
8.1;0.78;0.5;3.8;0.014;11;25;0.9951;3.24;0.67;10.6;5
8.4;0.42;0.04;5.2;0.025;31;122;0.9954;3.29;0.53;12.0;6
10.2;0.19;0.37;2.4;0.024;7;14;0.9956;3.56;0.94;10.7;8
5.4;0.71;0.5;2.8;0.037;23;87;0.9932;3.41;0.77;9.8;5
11.0;0.41;0.36;4.7;0.045;1;6;0.9982;3.23;0.67;9.7;6
8.0;0.67;0.23;1.4;0.055;3;11;0.9958;3.38;0.57;10.2;5
7.6;0.18;0.17;1.6;0.051;1;6;0.9976;3.11;0.52;9.9;7
6.6;0.69;0.47;3.1;0.031;6;18;0.9961;3.28;0.73;11.4;5
5.4;0.31;0.0;3.8;0.014;30;79;0.9967;3.16;0.58;10.9;6
9.8;0.66;0.08;4.1;0.068;2;6;0.9954;3.38;0.68;10.1;5
8.4;0.53;0.19;2.0;0.042;12;27;0.9966;3.28;0.34;10.1;5
6.1;0.36;0.51;1.3;0.033;8;25;0.995;3.35;0.57;11.2;7
6.1;0.46;0.35;2.1;0.133;34;77;0.9967;3.43;0.64;11.5;6
7.7;0.65;0.08;1.6;0.094;3;7;0.9995;3.24;0.82;8.4;5
11.2;0.55;0.21;1.7;0.129;4;13;0.9977;3.25;0.5;10.2;5
7.9;0.63;0.15;3.4;0.053;1;6;0.9973;3.31;0.41;10.5;5
5.7;0.88;0.13;1.3;0.02;8;30;0.9942;3.18;0.73;11.0;4
7.9;0.25;0.46;3.8;0.083;5;16;0.9978;3.31;0.65;10.5;7
7.8;0.82;0.0;2.0;0.026;25;84;0.998;3.32;0.37;10.9;4
4.6;0.55;0.58;2.6;0.047;12;30;0.9972;3.35;0.37;10.2;5
8.2;0.37;0.43;1.3;0.016;12;24;0.9971;3.38;0.55;9.6;6
7.9;0.29;0.48;1.8;0.117;10;27;0.9964;3.06;0.64;11.3;7
9.5;0.49;0.18;1.3;0.02;2;6;0.9979;3.11;0.89;11.3;6
11.5;0.69;0.24;6.1;0.152;8;23;0.9994;3.13;0.47;11.1;5
10.3;0.51;0.0;3.7;0.132;72;155;0.9973;3.33;0.75;11.3;6
7.9;0.8;0.17;2.1;0.049;23;83;0.9949;3.27;0.33;9.4;4
6.4;0.27;0.37;1.6;0.094;28;67;0.995;2.96;0.72;9.9;7
12.8;0.53;0.52;5.3;0.07;22;59;0.9981;3.61;0.91;11.6;6
8.4;0.3;0.06;1.8;0.109;2;7;0.9949;3.0;0.68;10.8;7
8.3;0.59;0.2;1.5;0.046;4;16;0.9971;3.32;0.54;10.5;5
8.3;0.69;0.24;2.4;0.104;1;6;0.996;3.4;0.87;10.2;5
8.7;0.45;0.0;5.5;0.049;5;24;0.9947;3.2;0.72;11.8;6
8.1;0.12;0.39;1.2;0.182;2;6;0.9983;3.41;0.68;8.5;7
7.3;0.56;0.13;1.6;0.052;9;23;0.998;3.16;0.48;10.7;5
7.4;0.61;0.23;5.4;0.049;15;37;0.9941;3.34;0.72;10.3;5
8.3;0.6;0.18;1.5;0.104;26;85;0.9976;2.98;0.54;9.1;5
7.4;0.75;0.12;1.4;0.115;18;57;0.9973;3.49;0.71;12.1;5
7.1;0.34;0.27;2.5;0.061;34;87;0.9983;3.31;0.67;8.4;6
8.5;0.65;0.23;4.2;0.024;2;6;0.997;3.07;0.84;10.5;5
7.9;0.74;0.2;2.2;0.05;1;6;0.9994;3.41;0.56;11.0;5
10.9;0.21;0.13;9.0;0.219;14;21;0.9965;3.56;0.63;9.4;7
4.6;0.59;0.33;2.9;0.096;5;10;0.9962;3.17;0.79;10.7;6
10.2;0.44;0.59;1.3;0.112;5;17;0.9948;3.28;0.62;10.2;6
10.5;0.51;0.3;8.6;0.014;6;24;0.9949;3.23;0.65;11.5;6
4.7;0.59;0.47;2.0;0.05;5;19;0.9948;3.19;0.59;14.2;6
7.7;0.44;0.0;1.7;0.074;10;36;0.9971;3.18;0.63;10.8;6
7.7;0.41;0.3;2.4;0.118;8;17;0.9962;3.21;0.77;11.1;7
5.9;0.53;0.06;1.7;0.015;10;20;0.9973;3.22;0.97;9.4;6
7.0;0.33;0.0;1.3;0.127;14;22;0.9944;3.26;0.37;10.6;6
6.4;0.33;0.13;1.2;0.06;7;17;0.9951;3.24;0.44;10.0;6
11.4;0.65;0.5;2.1;0.025;4;14;0.995;3.43;0.63;11.3;5
9.9;0.32;0.46;3.9;0.035;3;7;1.0008;3.41;0.67;8.9;6
10.5;0.65;0.32;2.5;0.032;6;21;0.9964;3.07;0.62;9.3;5
9.6;0.61;0.0;11.9;0.057;17;61;0.9966;3.22;0.56;11.7;6
6.4;0.22;0.23;1.7;0.015;18;47;0.9966;3.5;0.45;10.6;7
7.4;0.41;0.33;1.7;0.022;14;27;0.9997;3.36;0.55;11.8;6
9.2;0.74;0.31;1.5;0.113;4;17;0.9936;3.36;0.8;10.8;5
6.2;0.35;0.0;1.5;0.021;12;35;0.9966;3.35;0.67;11.0;6
9.6;0.44;0.1;1.7;0.028;11;51;0.9936;3.27;0.77;10.1;6
7.9;0.61;0.26;3.6;0.048;9;27;0.9922;3.3;0.45;10.2;5
7.7;0.67;0.38;4.7;0.056;11;33;0.9953;3.25;0.9;11.5;5
9.6;0.48;0.0;6.7;0.099;9;20;0.9975;3.44;0.56;10.3;6
9.1;0.42;0.24;1.6;0.048;11;29;0.9952;3.25;0.74;11.7;6
7.7;0.78;0.3;4.4;0.106;16;28;0.9975;3.29;0.64;10.3;5
10.3;0.84;0.44;1.8;0.07;2;6;0.9969;3.42;0.57;9.2;4
6.4;0.7;0.41;1.4;0.019;18;63;0.9964;3.26;0.73;9.1;5
9.4;0.54;0.38;4.3;0.022;3;8;0.9991;3.3;0.76;10.2;6
9.4;0.38;0.12;2.7;0.046;2;6;0.9956;3.26;1.11;11.4;7
7.8;0.38;0.0;1.5;0.042;46;110;0.9974;3.3;0.77;9.7;6
8.9;0.62;0.19;2.0;0.094;39;104;0.9933;3.26;0.76;11.2;6
6.1;0.6;0.47;1.7;0.064;2;7;0.9969;3.23;0.85;10.5;6
9.9;0.78;0.54;3.2;0.041;8;25;0.9962;3.2;0.75;11.1;5
8.0;0.64;0.41;2.1;0.023;3;7;0.9945;3.28;0.65;10.1;5
7.4;0.26;0.35;8.0;0.027;9;34;0.9975;3.47;0.71;10.6;7
10.1;0.72;0.35;1.3;0.063;22;98;0.9953;3.41;0.8;11.4;5
7.1;0.35;0.16;1.9;0.045;37;126;1.0;3.07;0.89;10.4;7
5.9;0.46;0.25;2.2;0.055;13;49;0.9921;3.24;0.4;9.9;6
5.6;0.57;0.6;2.2;0.023;6;25;0.9972;3.21;0.34;8.5;5
9.4;0.89;0.09;1.8;0.077;12;20;0.9968;3.07;0.89;11.0;4
6.1;1.08;0.59;3.2;0.127;5;25;0.9962;3.35;0.52;9.6;3
11.4;0.64;0.21;4.3;0.03;30;116;0.9957;3.3;0.38;9.9;5
4.7;0.5;0.53;5.4;0.053;26;87;0.9968;3.62;0.36;9.3;5
11.3;0.62;0.0;3.7;0.235;11;31;0.9987;3.26;0.96;10.2;5
8.7;0.69;0.39;4.1;0.036;6;11;0.9935;3.19;0.81;12.7;5
8.2;0.47;0.13;2.4;0.066;5;14;0.9952;3.18;0.52;10.8;6
7.4;0.85;0.0;3.8;0.018;1;6;0.9947;3.24;0.53;9.7;4
9.0;0.57;0.31;1.7;0.068;21;45;0.9946;3.4;0.67;9.9;5
8.3;0.62;0.47;2.0;0.018;8;24;0.9974;3.42;0.8;8.9;5
10.2;0.65;0.11;1.8;0.204;6;12;0.9978;3.76;0.61;9.2;5
8.5;0.6;0.0;2.1;0.087;9;23;0.9987;3.13;0.52;9.0;5
8.6;0.68;0.25;1.7;0.105;21;41;0.9978;3.32;0.85;10.7;5
7.7;0.42;0.25;6.1;0.085;3;6;0.998;3.21;0.65;10.9;6
8.2;0.43;0.38;1.8;0.065;24;80;0.994;3.36;0.63;10.5;6
8.9;0.33;0.46;1.4;0.048;28;72;0.9995;3.52;0.76;10.8;7
5.3;0.61;0.26;2.3;0.129;36;94;0.9963;3.44;0.33;9.6;5
6.0;0.67;0.63;1.3;0.201;7;18;0.9987;3.13;0.74;9.2;5
9.6;0.61;0.31;1.4;0.053;4;20;0.9941;3.42;0.73;9.2;5
8.6;0.83;0.2;1.6;0.173;7;23;0.9962;2.99;0.42;9.1;4
8.0;0.53;0.0;2.1;0.065;6;21;0.9985;2.94;0.33;10.8;6
8.4;0.65;0.22;2.1;0.058;3;8;0.9968;3.27;0.56;12.6;6
8.9;0.33;0.21;3.6;0.048;12;42;0.9953;3.41;0.69;9.3;6
7.4;0.46;0.46;3.2;0.026;9;25;0.9992;3.36;0.71;10.1;6
7.0;0.65;0.36;2.0;0.012;25;60;0.9945;3.6;0.95;10.6;5
8.7;0.68;0.04;1.8;0.029;1;6;0.9967;3.33;0.69;10.1;5
6.6;0.48;0.3;1.8;0.055;13;46;0.9979;3.29;0.42;10.8;6
9.0;0.52;0.4;3.4;0.041;18;62;1.0007;3.49;0.62;9.8;5
5.4;0.26;0.57;1.3;0.048;18;40;0.9958;3.25;0.44;9.7;6
10.1;0.46;0.44;1.2;0.249;27;54;0.9962;3.37;0.63;10.2;6
9.1;0.69;0.42;3.6;0.038;17;49;0.9959;3.38;0.9;10.8;5
8.8;0.63;0.28;2.2;0.048;33;83;0.9972;3.16;0.74;11.8;5
10.0;0.62;0.35;1.4;0.021;6;20;0.9978;3.37;0.54;10.8;5
11.2;0.54;0.51;1.6;0.015;9;33;0.9988;3.65;0.76;10.2;6
10.1;0.53;0.01;5.2;0.102;1;6;0.9981;3.49;0.53;11.3;6
5.1;0.41;0.2;4.1;0.063;1;6;0.9958;3.18;0.33;11.5;6
6.1;0.65;0.12;3.1;0.098;4;14;0.9982;3.67;0.45;10.1;5
7.2;0.6;0.34;2.2;0.022;2;6;0.9969;3.42;0.74;10.3;5
8.4;0.62;0.51;2.3;0.063;5;13;0.9981;3.38;0.79;10.0;5
9.2;0.43;0.15;6.7;0.03;3;10;0.9982;3.3;0.95;11.3;6
7.1;0.14;0.0;6.3;0.028;1;6;0.9998;3.42;0.72;10.5;8
8.6;0.72;0.19;1.6;0.013;30;95;0.996;3.33;0.89;8.9;5
7.0;0.44;0.45;3.7;0.02;1;6;0.9957;3.31;0.77;10.9;6
7.3;0.37;0.38;1.5;0.034;17;64;0.9975;3.29;0.82;12.0;7
5.9;0.65;0.35;1.6;0.019;3;10;0.9989;3.46;0.85;12.1;6
6.7;0.46;0.22;2.9;0.268;30;128;0.9968;3.44;0.74;9.9;6
6.0;0.72;0.02;2.0;0.034;28;85;0.9991;3.29;0.84;9.7;5
6.6;0.64;0.37;5.2;0.02;14;30;0.998;3.08;0.54;12.5;5
10.2;0.65;0.11;1.3;0.025;14;57;0.9963;3.32;0.33;12.1;5
6.7;0.28;0.7;2.3;0.065;1;6;0.9978;3.2;0.77;10.9;7
12.9;0.74;0.38;5.0;0.016;51;166;0.9959;3.24;0.72;8.6;5
9.2;0.57;0.16;4.7;0.131;26;83;0.9972;3.29;0.51;9.8;5
8.6;0.46;0.15;1.5;0.207;28;85;0.9947;3.15;0.44;9.2;5
6.8;0.55;0.25;1.9;0.029;14;40;0.9966;3.06;0.68;12.4;6
9.5;0.21;0.22;2.6;0.048;6;10;0.9986;3.36;0.78;8.8;7
7.3;0.6;0.49;1.5;0.013;28;61;0.9982;3.32;0.75;12.3;6
8.5;0.34;0.31;6.4;0.073;5;20;0.9979;3.31;0.48;10.3;6
12.8;0.29;0.13;4.9;0.044;11;37;0.9972;3.39;0.52;9.1;6
8.2;0.26;0.64;1.5;0.031;2;10;0.997;3.21;0.77;11.5;7
10.3;0.73;0.28;1.4;0.026;32;69;0.9943;3.36;0.67;11.1;5
7.1;0.42;0.42;1.3;0.076;3;8;0.9963;3.52;0.84;9.1;6
8.3;0.8;0.15;4.8;0.044;4;16;0.997;3.27;0.6;10.4;5
11.4;0.43;0.34;1.5;0.024;11;28;0.9946;3.6;0.78;11.9;6
7.2;0.22;0.33;2.0;0.082;18;48;0.9934;3.32;0.65;10.0;7
11.5;0.33;0.0;2.1;0.062;13;35;0.9988;3.18;0.54;12.2;6
9.6;0.75;0.66;2.6;0.129;4;11;0.9968;3.44;0.82;9.6;5
7.3;0.5;0.52;1.3;0.019;1;6;0.9971;3.29;0.49;8.7;5
9.4;0.43;0.19;1.6;0.104;18;28;0.9978;3.47;0.67;10.5;6
10.0;0.56;0.06;5.2;0.079;52;222;0.9948;3.37;0.69;8.9;6
9.4;0.62;0.34;4.8;0.019;21;47;0.9959;3.26;0.64;10.6;5
5.6;0.73;0.29;3.5;0.083;8;13;0.9996;3.55;0.83;10.4;5
7.1;0.79;0.34;1.2;0.047;29;87;0.9958;3.23;0.76;9.6;5
7.9;0.46;0.31;1.8;0.186;7;20;0.9962;2.98;0.74;12.4;6
8.2;0.29;0.37;2.7;0.021;10;28;0.9954;3.45;0.67;10.4;6
9.4;0.45;0.55;1.7;0.074;9;29;0.9953;3.36;0.97;11.3;6
8.6;0.57;0.38;4.8;0.041;8;29;0.9988;3.51;0.91;11.4;6
6.0;0.36;0.07;2.7;0.201;19;82;0.992;3.18;0.81;12.3;7
9.0;0.36;0.54;1.3;0.036;10;24;0.9958;3.27;0.79;9.1;6
9.4;0.59;0.59;4.8;0.209;6;20;0.9971;3.26;0.56;8.5;5
9.3;0.52;0.89;5.9;0.151;5;16;0.9999;3.45;0.65;12.3;6
10.2;0.53;0.05;1.3;0.031;1;6;0.9945;3.41;0.77;11.0;6
9.8;0.39;0.32;2.3;0.11;12;27;0.9942;3.34;0.84;10.6;6
9.1;0.49;0.0;1.7;0.338;4;8;0.9951;3.35;0.81;10.3;6
8.2;0.36;0.38;1.9;0.029;3;10;0.998;3.13;0.76;10.1;6
5.4;0.69;0.16;1.5;0.046;14;45;0.9969;3.43;1.0;11.3;5
9.1;0.71;0.65;2.5;0.056;15;48;0.994;3.43;0.63;8.9;5
8.7;0.2;0.12;6.0;0.033;18;49;0.9969;3.66;0.83;10.9;7
8.8;0.36;0.0;2.2;0.013;9;27;0.9996;3.38;0.81;11.5;6
6.1;0.26;0.18;1.3;0.027;28;83;0.9972;3.41;0.73;11.2;7
6.4;0.41;0.0;2.7;0.032;34;91;0.997;3.38;0.74;10.3;6
10.2;0.51;0.42;1.8;0.047;21;75;0.9971;3.2;0.74;10.4;6
8.3;0.27;0.0;4.1;0.023;13;28;0.9975;3.5;0.54;11.8;7
9.5;0.36;0.28;2.1;0.136;5;13;0.9943;3.3;0.73;11.0;7
8.4;0.35;0.0;1.5;0.085;50;154;0.9963;3.28;0.79;12.3;7
8.4;0.57;0.21;1.5;0.017;5;13;0.9964;3.29;0.71;8.6;5
10.0;0.54;0.59;3.4;0.075;4;8;0.9958;3.3;0.34;11.4;5
7.4;0.4;0.34;1.7;0.076;8;27;0.998;3.24;0.39;9.6;6
8.5;0.56;0.1;3.4;0.2;2;6;0.9955;3.34;0.52;10.3;5
7.5;0.43;0.26;1.5;0.012;47;109;0.996;3.3;0.64;11.9;6
7.6;0.48;0.27;1.8;0.029;12;33;0.9943;3.28;0.53;9.3;6
7.8;0.83;0.36;2.1;0.17;11;25;0.9974;3.39;0.77;12.7;5
8.7;0.77;0.0;5.5;0.173;14;41;0.9985;3.32;0.86;11.6;5
7.5;0.3;0.39;5.2;0.089;9;25;0.996;3.23;0.88;11.0;7
10.5;0.68;0.0;1.5;0.099;1;6;0.9982;3.19;0.72;9.4;5
6.8;0.67;0.15;1.9;0.018;12;32;0.9964;3.33;0.84;10.2;5
8.0;0.32;0.18;1.4;0.055;16;61;0.9919;3.2;0.56;10.0;6
7.6;0.67;0.39;2.3;0.028;7;25;0.9966;3.18;0.63;9.1;5
10.8;0.8;0.28;2.1;0.024;18;29;0.9964;3.19;0.46;11.6;5
8.7;0.33;0.0;4.7;0.112;4;15;0.9969;3.35;0.86;10.0;6
10.1;0.36;0.08;5.2;0.021;4;14;0.9972;3.49;0.99;10.2;6
5.7;0.71;0.31;1.9;0.05;3;10;0.9954;3.36;0.6;10.3;5
8.8;0.58;0.26;2.2;0.179;7;24;0.9995;3.45;0.33;10.2;5
9.9;0.63;0.16;4.6;0.024;24;71;0.9966;3.3;0.5;11.0;5
8.5;0.59;0.18;3.7;0.241;22;77;0.9963;3.33;0.55;9.8;5
10.2;0.6;0.41;1.2;0.322;7;18;0.9981;3.57;0.43;11.5;5
7.4;0.29;0.17;1.8;0.061;12;43;0.9967;3.44;0.48;9.8;7
10.8;0.72;0.25;2.0;0.023;16;52;1.0016;3.46;0.69;10.4;5
12.3;0.74;0.69;1.6;0.035;4;8;0.9963;3.27;0.77;9.0;5
7.7;0.49;0.0;1.5;0.045;3;12;0.9974;3.31;0.33;11.6;6
7.5;0.52;0.0;1.3;0.034;44;127;0.9953;3.37;0.57;11.8;6
10.8;0.25;0.42;2.7;0.032;13;35;0.9984;3.22;0.66;11.2;7
11.1;0.62;0.14;1.7;0.227;49;129;0.9973;2.95;0.48;10.6;5
7.4;0.63;0.21;1.3;0.022;6;16;0.9961;3.37;0.7;10.4;5
7.6;0.52;0.12;1.6;0.091;16;50;0.995;3.46;0.64;8.7;5
7.8;0.73;0.22;3.6;0.012;4;9;0.9942;3.32;0.58;9.0;5
6.0;0.47;0.58;4.1;0.066;5;8;0.9975;3.22;0.51;11.2;6
6.7;0.63;0.43;2.2;0.161;10;21;0.9941;3.26;0.7;10.2;5
6.6;0.35;0.44;2.0;0.032;6;19;0.9992;3.0;0.53;9.0;6
7.0;0.52;0.0;6.9;0.024;3;9;0.9943;3.26;0.36;8.9;5
8.3;0.5;0.05;1.5;0.075;5;18;0.9964;3.14;0.66;11.1;6
8.7;0.57;0.0;1.6;0.087;1;6;0.995;3.2;0.45;11.4;5
11.0;0.46;0.11;1.7;0.082;16;57;0.9968;3.13;0.38;8.8;5
6.6;0.5;0.46;1.5;0.035;9;22;0.9968;3.11;0.68;10.6;6
10.0;0.68;0.37;1.9;0.029;2;6;0.9975;3.16;0.63;10.8;5
7.9;0.45;0.23;4.8;0.199;3;10;0.9938;3.41;0.51;9.8;6
8.2;0.24;0.27;2.6;0.166;2;7;0.9952;3.23;0.7;11.7;7
9.5;0.84;0.14;2.0;0.049;12;35;0.9985;3.14;0.73;10.1;4
6.4;0.78;0.31;5.3;0.124;2;6;0.998;3.43;0.7;8.6;5
9.0;0.3;0.42;1.3;0.048;18;31;0.992;3.33;0.69;10.2;7
8.6;0.65;0.0;1.6;0.045;1;6;0.9974;2.95;0.39;11.9;5
9.2;0.44;0.33;2.5;0.022;4;15;0.9947;3.46;0.88;10.1;6
8.8;0.58;0.45;2.6;0.045;28;69;0.9956;3.32;0.75;9.3;5
12.6;0.58;0.19;1.3;0.058;16;54;0.9963;3.43;0.5;11.1;5
7.2;0.49;0.41;2.0;0.013;2;6;0.9997;3.28;0.66;10.7;6
7.4;0.39;0.82;2.8;0.047;22;84;0.9947;3.56;0.69;10.4;6
7.2;0.4;0.25;3.0;0.103;9;18;0.994;3.25;0.65;10.9;6
7.4;0.36;0.35;2.7;0.08;24;68;0.9976;2.91;0.96;9.7;7
7.2;0.38;0.13;1.8;0.072;12;34;0.9966;3.17;0.33;9.8;6
10.4;0.52;0.31;1.3;0.156;15;46;0.999;3.39;0.41;11.2;6
10.8;0.4;0.36;2.0;0.013;61;260;0.996;3.34;0.33;9.4;6
7.3;0.65;0.31;1.4;0.061;4;12;0.999;3.29;0.67;12.1;5
6.9;0.79;0.07;5.6;0.105;13;46;0.9967;3.16;0.75;11.7;5
9.1;0.42;0.31;2.2;0.059;8;24;0.9977;3.31;0.72;9.2;6
7.4;0.57;0.56;1.8;0.035;1;6;0.9998;3.31;0.61;12.0;6
9.4;0.62;0.36;3.4;0.021;1;6;0.9964;3.31;0.73;10.6;5
8.7;0.61;0.46;2.2;0.143;3;7;0.9987;3.39;0.61;11.9;5
5.7;0.54;0.22;1.8;0.05;14;36;0.9955;3.34;0.78;10.6;6
11.0;0.66;0.42;3.7;0.138;11;37;0.9971;3.27;0.85;10.2;5
11.4;0.61;0.33;4.2;0.065;11;26;0.994;3.16;0.5;10.1;5
7.3;0.31;0.09;2.9;0.079;1;6;0.9957;3.52;0.61;8.4;6
7.6;0.68;0.33;1.3;0.11;9;23;0.9947;3.62;0.64;11.4;5
8.8;0.69;0.08;2.5;0.077;32;105;0.999;3.58;0.9;9.7;5
8.9;0.39;0.15;3.4;0.042;7;20;1.0;3.42;0.52;11.4;6
9.5;0.53;0.31;1.4;0.055;13;31;0.996;3.05;0.84;12.2;6
11.8;0.65;0.33;1.6;0.109;19;74;0.9952;3.03;0.41;9.8;5
8.0;0.49;0.04;4.4;0.04;19;62;0.9942;3.23;0.87;9.7;6
6.9;0.72;0.48;1.2;0.041;10;29;0.9972;3.3;0.8;11.5;5
5.9;0.95;0.38;3.3;0.018;24;81;0.9956;3.3;0.63;9.9;3
7.0;0.39;0.13;2.2;0.16;7;12;0.9957;3.34;0.81;11.8;7
8.3;0.28;0.0;2.1;0.018;27;128;0.9998;3.1;0.57;9.7;6
11.4;0.58;0.24;1.2;0.075;4;13;0.9961;3.56;0.5;12.0;6
7.4;0.66;0.18;3.8;0.044;5;7;0.9978;3.54;0.95;10.1;5
8.7;0.49;0.29;1.9;0.043;2;7;0.9968;3.11;0.57;10.8;6
8.3;0.79;0.2;2.4;0.08;20;48;0.9941;3.02;0.77;11.5;5
10.4;0.29;0.0;2.9;0.016;7;29;0.9932;3.3;0.85;11.0;7
12.7;0.65;0.2;3.0;0.066;4;13;0.9976;3.51;0.8;11.6;5
7.4;0.42;0.21;5.9;0.101;4;7;0.9999;3.31;0.76;8.9;6
7.5;0.84;0.39;2.3;0.118;29;92;0.9973;3.35;0.77;10.0;5
10.1;0.88;0.13;2.0;0.023;23;71;0.9979;3.24;0.84;10.5;5
9.5;0.39;0.6;5.8;0.149;11;42;0.995;3.33;0.71;9.6;6
11.5;0.43;0.0;2.7;0.076;12;43;0.9986;3.46;0.65;11.5;6
9.3;0.68;0.53;1.7;0.14;9;18;0.9986;3.37;0.43;9.9;5
7.7;0.46;0.23;1.4;0.052;7;26;0.9954;3.4;0.71;9.6;6
9.3;0.52;0.44;4.0;0.059;31;82;0.9977;3.05;0.83;11.4;6
10.2;0.53;0.29;1.9;0.163;3;11;0.9933;3.64;0.47;9.3;6
9.7;0.18;0.49;2.8;0.15;8;20;0.9981;3.06;0.62;9.4;7
9.2;0.53;0.2;2.2;0.048;6;17;0.9956;3.34;0.73;11.0;6
10.2;0.4;0.06;1.5;0.031;9;22;0.9944;3.29;0.92;11.9;7
10.4;0.44;0.55;2.6;0.042;8;22;0.9975;3.29;0.46;10.6;6
10.7;0.79;0.25;1.3;0.041;10;23;0.9933;3.44;0.79;8.7;5
9.4;0.3;0.31;2.0;0.032;3;11;0.9974;3.2;0.6;11.2;6
8.0;0.67;0.51;2.4;0.031;10;19;0.9945;3.24;0.54;9.8;5
8.6;0.48;0.07;2.1;0.13;4;16;0.9941;3.13;0.5;11.6;6
10.4;0.48;0.39;3.3;0.016;3;13;0.9968;3.48;0.55;10.0;6
6.9;0.67;0.16;3.8;0.08;2;7;0.9964;3.35;0.74;11.6;5
9.0;0.59;0.25;3.4;0.023;18;55;0.9995;3.41;0.62;10.0;5
7.6;0.63;0.29;1.3;0.037;8;17;0.9943;3.44;0.78;9.7;5
8.4;0.7;0.0;1.5;0.016;13;37;0.9993;3.62;0.47;8.4;5
10.5;0.47;0.12;2.4;0.031;17;58;0.9945;3.59;0.78;9.7;6
8.7;0.42;0.53;5.3;0.1;15;45;0.9984;3.36;0.73;10.6;6
8.4;0.33;0.44;3.9;0.142;9;28;0.9988;3.34;0.4;10.5;6
6.0;0.38;0.26;4.0;0.027;7;28;0.9973;3.23;0.91;11.1;7
9.6;1.06;0.32;1.7;0.049;7;23;0.9952;3.43;0.72;11.8;3
9.4;0.75;0.21;2.0;0.05;13;42;0.9938;3.42;0.79;10.5;5
12.1;0.29;0.54;2.2;0.136;9;14;0.993;3.2;0.85;10.5;7
7.8;0.29;0.23;1.5;0.098;24;56;1.0002;3.42;0.82;11.6;7
8.7;0.61;0.32;1.2;0.055;26;69;0.9961;3.47;0.64;10.7;5
8.8;0.63;0.49;5.6;0.079;3;6;0.9946;3.14;0.78;9.4;5
11.1;0.63;0.12;1.6;0.125;3;6;0.9945;3.34;0.35;9.9;5
8.2;0.48;0.57;1.6;0.013;13;36;0.997;3.3;0.72;8.4;5
8.8;0.51;0.0;1.3;0.043;5;15;0.9959;3.31;0.95;9.4;6
9.4;0.59;0.59;5.2;0.155;1;6;0.9931;3.16;0.54;8.6;5
8.6;0.54;0.2;2.5;0.093;27;78;0.9983;3.03;0.81;10.8;6
7.5;0.13;0.22;2.8;0.059;4;13;0.9973;3.19;0.96;11.7;8
8.7;0.49;0.0;4.8;0.057;33;87;1.0002;3.17;0.78;9.4;6
10.2;0.38;0.18;1.8;0.038;16;49;0.9989;3.37;0.83;9.5;6
6.5;0.56;0.07;2.7;0.056;18;61;0.9908;3.37;0.39;11.4;5
8.6;1.06;0.15;1.3;0.076;4;15;0.9994;3.36;0.5;9.9;3
7.1;0.59;0.24;1.5;0.045;4;11;0.999;3.1;0.9;10.7;5
10.4;0.47;0.46;3.9;0.087;10;31;0.9953;3.14;0.82;11.2;6
5.7;0.69;0.31;3.4;0.13;3;12;0.9959;3.22;0.74;9.7;5
7.3;0.61;0.33;1.8;0.022;5;10;0.9975;3.31;0.61;9.7;5
9.0;0.6;0.06;1.9;0.048;6;26;0.9948;3.26;0.71;9.9;5
11.0;0.64;0.1;2.3;0.043;3;12;0.9962;3.36;0.95;8.8;5
8.2;0.9;0.62;1.2;0.082;4;6;0.9986;3.46;0.64;10.9;4
7.4;0.33;0.13;1.6;0.029;20;65;0.9977;3.16;0.78;11.1;7
11.6;0.61;0.59;1.6;0.073;3;8;0.9954;3.16;0.77;10.5;5
5.8;0.36;0.22;1.6;0.138;1;6;0.9986;3.33;0.54;11.9;6
4.6;0.63;0.27;3.7;0.044;13;42;0.9973;3.3;0.56;10.1;5
9.1;0.36;0.48;1.7;0.157;46;176;0.9972;3.43;0.92;11.1;7
7.4;0.45;0.52;1.5;0.311;6;15;0.9957;3.31;0.75;10.9;6
6.5;0.48;0.25;2.3;0.019;3;7;0.9967;3.58;0.54;9.6;5
9.6;0.7;0.2;4.2;0.028;11;37;0.9952;3.07;0.61;11.7;5
8.7;0.69;0.26;1.6;0.192;29;102;0.993;3.44;0.49;10.6;5
7.3;0.31;0.34;1.3;0.203;19;43;0.9962;3.34;0.84;11.5;7
6.1;0.54;0.44;1.9;0.018;13;56;0.9965;3.09;0.62;9.0;5
9.8;0.4;0.27;3.3;0.013;6;14;0.997;2.99;0.62;10.5;6
9.5;0.3;0.39;2.4;0.023;10;39;0.999;3.14;0.8;9.9;7
8.1;0.49;0.59;3.7;0.343;2;7;0.9955;3.5;0.37;9.5;5
11.5;0.47;0.35;6.0;0.024;15;51;0.996;3.48;0.65;11.9;6
6.5;0.96;0.33;3.6;0.054;16;41;0.9982;3.29;0.66;10.6;4
5.7;0.61;0.0;2.6;0.125;41;67;0.9953;3.26;0.61;8.8;5
7.1;0.28;0.0;2.2;0.013;5;14;0.997;3.18;0.56;9.9;7
8.2;0.43;0.35;1.3;0.068;1;6;0.9959;3.28;0.54;11.4;6
8.7;0.71;0.25;7.4;0.031;10;23;0.9962;3.24;0.71;9.5;5
7.9;0.9;0.17;1.9;0.131;16;59;0.9981;3.57;0.49;9.4;3
8.9;0.24;0.32;1.4;0.032;20;58;0.996;3.12;0.69;10.3;7
6.1;0.19;0.26;2.8;0.082;4;8;0.9982;3.37;0.56;10.9;7
10.8;0.86;0.49;1.7;0.079;5;16;0.993;3.58;0.58;9.6;4
8.2;0.6;0.29;2.5;0.027;10;34;0.994;3.43;0.69;10.8;5
10.3;0.37;0.13;2.5;0.014;6;14;0.9923;3.14;0.57;10.5;6
8.9;0.62;0.46;2.1;0.044;25;98;0.9945;3.07;0.87;10.6;6
9.1;0.12;0.23;3.9;0.032;9;42;1.0002;3.35;0.63;8.4;7
9.3;0.53;0.37;1.7;0.111;20;43;0.9967;3.33;0.84;10.4;6
9.1;0.59;0.18;2.1;0.109;11;33;0.9953;3.5;0.53;10.2;5
9.4;0.69;0.14;2.4;0.049;19;61;0.9982;3.4;0.52;10.8;5
10.6;0.35;0.29;2.8;0.068;6;28;0.9985;3.24;0.38;9.7;6
8.7;0.54;0.27;3.5;0.068;22;54;0.9944;3.23;0.57;10.0;5
9.6;0.36;0.36;2.0;0.117;5;11;1.0014;3.11;0.62;11.0;6
8.2;0.57;0.22;2.8;0.045;10;24;0.9972;3.33;0.67;12.0;6
10.8;0.37;0.0;1.4;0.031;4;15;0.9975;3.09;0.78;9.0;6
7.1;0.45;0.19;5.2;0.03;9;21;0.9976;3.45;0.76;11.0;6
11.5;0.35;0.43;1.9;0.058;6;13;0.9976;3.4;0.85;11.7;7
8.3;0.64;0.21;3.2;0.048;5;15;0.9955;3.4;0.51;11.2;5
5.8;0.68;0.22;1.2;0.047;42;136;1.0007;3.11;0.66;11.7;5
8.5;0.49;0.46;1.5;0.018;3;12;0.9962;3.29;0.49;9.8;6
7.1;0.53;0.13;2.2;0.088;20;60;0.9985;3.25;0.73;11.7;5
9.8;0.27;0.0;4.4;0.026;51;162;0.9958;3.33;0.96;9.6;7
7.2;0.47;0.24;2.3;0.025;1;6;0.9955;3.39;0.45;10.5;6
7.5;0.52;0.18;5.2;0.044;15;30;1.0003;3.23;0.77;9.9;6
5.0;1.0;0.08;2.2;0.028;4;13;0.9965;3.24;0.84;9.9;4
7.5;0.33;0.24;2.2;0.065;1;6;0.9966;3.42;0.51;8.6;6
4.6;0.79;0.37;1.4;0.04;7;19;0.9972;3.14;0.73;8.4;5
5.6;0.71;0.27;3.6;0.048;34;59;1.0016;3.2;0.6;11.7;5
9.6;0.58;0.33;1.6;0.058;1;6;1.0008;3.31;0.64;8.5;5
9.7;0.84;0.62;4.6;0.026;12;35;0.9991;3.45;0.59;10.7;4
9.1;0.59;0.2;4.8;0.022;9;35;1.0021;3.16;0.62;9.0;5
6.6;0.6;0.33;5.5;0.139;26;112;0.9949;3.59;0.85;9.5;5
8.2;0.52;0.17;2.3;0.046;2;6;0.9979;3.1;0.64;11.2;6
8.3;0.75;0.11;2.9;0.044;15;36;0.9968;3.55;0.56;10.6;5
6.3;0.72;0.16;3.5;0.014;15;40;0.9933;3.5;0.67;10.3;5
10.9;0.42;0.18;1.4;0.053;14;31;0.9976;3.09;0.33;11.6;6
9.8;0.29;0.34;2.6;0.06;35;128;0.9958;3.06;0.52;10.1;7
7.9;0.49;0.73;1.3;0.061;22;103;0.9996;3.42;0.87;11.7;6
8.4;0.38;0.13;2.2;0.086;2;6;0.9959;3.25;0.63;9.3;6
8.7;0.52;0.19;1.5;0.024;9;18;0.9958;3.16;0.58;9.1;5
4.8;0.75;0.26;1.5;0.029;7;27;0.9996;3.59;0.69;10.3;5
7.9;0.45;0.35;1.9;0.112;5;18;0.9966;3.13;0.78;10.4;6
7.1;0.52;0.32;2.0;0.188;8;27;0.9989;3.2;0.88;9.5;6
6.6;0.54;0.52;2.7;0.021;7;29;0.9975;3.22;0.58;10.1;5
7.8;0.68;0.0;1.3;0.053;8;15;0.9975;2.88;0.59;11.9;5
11.4;0.13;0.0;2.3;0.026;48;90;0.9962;3.33;0.62;10.0;7
9.4;0.42;0.17;1.5;0.016;2;6;0.9977;3.17;0.83;8.4;6
7.3;0.57;0.48;2.5;0.036;32;97;0.9965;3.44;0.67;8.6;5
9.3;0.74;0.0;2.7;0.021;9;24;0.9952;3.46;1.03;12.7;5
10.8;0.44;0.0;2.4;0.086;13;63;0.9965;3.35;0.63;12.0;6
9.9;0.19;0.38;3.2;0.058;22;61;0.9991;3.35;0.96;10.0;7
8.4;0.64;0.32;1.8;0.021;6;16;0.9977;3.34;0.51;11.3;5
7.2;0.41;0.06;3.4;0.013;8;24;0.9982;3.2;0.42;10.7;6
9.5;0.32;0.08;2.1;0.111;7;28;0.9967;3.22;0.64;11.8;7
9.0;0.42;0.08;2.2;0.024;7;16;0.993;3.51;0.85;9.3;6
9.9;0.49;0.29;2.8;0.068;32;93;0.9944;3.42;0.58;9.3;6
9.4;0.42;0.15;1.2;0.037;22;84;0.9962;3.34;0.55;11.8;6
10.1;0.13;0.37;2.8;0.065;2;9;0.9945;3.4;0.83;8.8;8
7.4;0.69;0.0;2.6;0.035;2;8;0.9957;3.3;0.78;10.5;5
10.6;0.76;0.1;1.8;0.017;8;38;0.9956;3.34;0.52;10.4;5
8.7;0.64;0.05;1.3;0.027;2;10;0.9957;3.4;0.51;11.3;5
11.9;0.32;0.22;1.3;0.024;13;24;0.9994;2.99;0.8;10.6;7
7.1;0.49;0.17;5.1;0.046;3;6;0.9966;3.45;0.38;10.3;5
11.3;0.53;0.43;3.0;0.076;10;36;0.9985;3.44;0.84;10.0;6
8.7;0.64;0.0;1.4;0.03;1;6;0.997;3.19;0.78;9.4;5
7.2;0.65;0.28;1.9;0.013;6;16;0.9994;3.5;0.33;10.2;5
7.5;0.4;0.38;2.5;0.056;15;38;0.9986;2.97;0.66;11.7;6
7.8;0.54;0.63;3.9;0.068;9;21;0.9956;3.37;0.33;10.1;5
9.1;0.61;0.18;1.3;0.21;47;97;1.0004;3.32;0.45;11.9;5
9.2;0.79;0.33;1.6;0.065;26;101;0.9958;3.26;0.57;11.2;5
7.3;0.65;0.0;4.5;0.05;6;17;0.9971;3.31;0.44;10.9;5
8.3;0.67;0.0;1.2;0.063;2;6;0.9974;3.4;1.04;10.2;5
12.0;0.54;0.44;1.5;0.17;23;36;0.9976;3.03;0.8;9.7;6
11.3;0.78;0.27;6.0;0.118;30;114;0.9982;3.47;0.89;12.2;5
9.1;0.6;0.5;2.6;0.035;22;75;0.9953;3.25;0.63;11.3;5
8.4;0.37;0.0;1.7;0.028;3;6;0.9981;3.47;0.66;10.3;6
8.5;0.78;0.37;1.3;0.03;72;231;0.9978;3.41;0.93;12.2;5
9.4;0.65;0.64;1.2;0.054;5;14;0.9967;3.24;0.73;11.1;5
6.5;0.45;0.35;1.6;0.094;16;43;0.9963;3.3;0.76;8.9;6
7.9;0.44;0.32;4.4;0.054;30;44;0.9952;3.31;0.5;10.0;6
5.4;0.58;0.27;2.0;0.016;4;10;0.9976;3.56;0.5;11.2;5
9.0;0.61;0.0;3.1;0.089;30;96;0.9954;3.14;0.7;12.0;5
9.4;0.56;0.54;5.0;0.11;5;14;0.9972;3.24;0.72;12.9;6
7.5;0.58;0.15;2.0;0.033;46;130;0.9965;3.07;0.49;10.4;5
11.1;0.83;0.37;1.5;0.077;5;21;0.9942;3.33;0.72;11.1;5
6.2;0.72;0.0;2.3;0.045;38;111;0.9949;3.21;0.45;9.8;5
5.8;0.56;0.04;4.8;0.144;2;6;0.9975;3.23;0.66;9.5;5
8.7;0.7;0.55;3.6;0.124;16;45;0.9957;3.54;0.41;8.6;5
10.1;0.34;0.2;1.3;0.057;10;31;0.9956;3.18;0.88;10.8;7
11.3;0.6;0.55;3.0;0.083;9;21;0.9952;3.29;0.61;11.8;5
7.5;0.85;0.26;2.5;0.141;4;14;0.9953;3.24;0.54;11.3;5
10.2;0.49;0.0;4.8;0.053;16;29;0.9998;3.25;0.46;10.5;5
8.3;0.38;0.44;1.4;0.035;4;10;0.9946;3.74;0.45;11.7;6
8.0;0.41;0.16;2.3;0.096;11;19;0.9995;3.04;0.73;13.6;7
9.9;0.33;0.41;4.4;0.027;5;12;0.9961;3.41;0.83;9.5;7
9.5;0.39;0.28;2.0;0.042;38;137;0.9955;3.68;0.81;8.4;6
5.6;0.46;0.0;2.2;0.132;1;6;0.9974;3.48;0.9;10.8;6
10.9;0.28;0.3;1.3;0.089;4;10;0.9968;3.32;0.96;11.6;7
10.7;0.53;0.7;1.7;0.043;4;13;0.9963;3.13;0.82;8.8;6
7.2;0.69;0.37;1.8;0.027;7;23;0.9971;3.51;0.57;11.3;5
9.0;0.37;0.26;5.6;0.038;4;15;0.9968;3.46;0.69;10.1;7
9.2;0.8;0.48;1.7;0.032;9;32;0.9963;3.08;0.33;10.8;4
8.8;0.62;0.31;2.1;0.024;26;106;0.9985;3.26;0.77;9.4;5
7.4;0.71;0.31;2.9;0.094;16;50;0.994;3.13;0.68;9.4;5
7.2;0.41;0.06;1.5;0.029;11;19;0.995;2.87;0.93;9.2;6
8.3;0.68;0.32;2.2;0.048;2;8;0.9952;3.12;0.53;11.1;5
10.4;0.33;0.47;3.2;0.041;15;62;0.9947;3.33;0.75;9.8;6
9.3;0.69;0.11;4.2;0.253;3;16;0.9969;3.4;0.49;10.7;5
7.7;0.56;0.55;2.7;0.042;20;81;0.9977;3.26;0.64;10.5;6
9.7;0.63;0.25;2.9;0.017;4;12;0.993;3.52;0.38;9.2;5
4.6;0.32;0.1;1.4;0.018;7;24;0.9958;3.47;0.89;10.5;7
10.3;0.37;0.47;5.6;0.066;6;17;0.9961;3.29;0.84;10.7;7
5.3;0.63;0.22;1.4;0.067;24;66;0.9962;3.27;0.58;11.6;5
7.7;0.36;0.42;3.4;0.045;3;8;0.9943;3.37;0.7;12.0;7
6.4;0.61;0.21;1.7;0.046;11;44;0.9961;3.31;0.66;9.3;5
6.1;0.28;0.26;5.3;0.015;3;6;0.995;3.09;0.55;10.8;6
10.3;0.68;0.37;3.1;0.056;16;34;0.9961;3.27;0.68;8.4;5
7.5;0.31;0.33;3.3;0.054;29;116;0.9934;3.41;0.58;11.3;7
8.9;0.63;0.0;1.6;0.022;8;33;0.9961;3.51;0.82;11.6;6
8.2;0.64;0.05;2.1;0.019;9;22;0.9953;3.46;0.62;8.4;5
9.2;0.4;0.45;2.6;0.02;32;140;0.9962;3.36;1.06;10.1;6
8.5;0.63;0.25;3.4;0.018;10;37;0.9973;3.54;0.64;9.5;5
6.1;0.57;0.17;1.4;0.068;9;25;0.9966;3.38;0.68;10.1;5
10.1;0.43;0.01;6.1;0.025;11;17;0.9982;3.3;0.75;9.8;6
7.5;0.35;0.06;4.5;0.029;15;25;0.996;3.54;0.8;10.4;6
5.6;0.18;0.0;1.7;0.023;2;6;0.9979;3.42;0.67;11.5;7
7.6;0.59;0.25;3.8;0.202;22;78;0.9988;3.51;0.74;10.1;5
10.9;0.25;0.15;2.3;0.128;8;28;0.9972;3.13;0.69;9.4;7
9.8;0.55;0.08;2.1;0.028;2;6;0.9967;3.18;0.53;10.2;5
7.7;0.48;0.26;1.8;0.036;20;55;0.9975;3.19;0.48;10.1;6
7.7;0.65;0.34;2.5;0.026;7;20;0.9973;3.34;0.78;10.3;5
7.8;0.47;0.68;3.2;0.053;2;6;0.9986;3.59;0.92;9.7;6
11.9;0.47;0.0;2.0;0.013;13;41;0.9982;3.14;0.38;10.8;6
9.0;0.66;0.5;2.7;0.079;26;79;0.9982;3.45;0.41;11.8;5
9.1;0.59;0.46;3.0;0.056;27;45;0.9968;3.13;0.41;9.1;5
10.1;0.58;0.12;3.1;0.149;39;110;0.9973;3.64;0.79;10.9;6
8.7;0.61;0.31;1.3;0.023;25;75;0.9973;3.07;0.8;11.4;6
7.9;0.25;0.18;4.1;0.11;1;6;0.9944;3.43;0.49;10.0;7
8.0;0.66;0.31;2.1;0.106;7;16;0.9987;3.45;1.03;11.8;6
8.2;0.64;0.57;1.7;0.02;21;68;0.9935;3.41;0.59;10.4;5
8.3;0.35;0.39;1.6;0.043;6;22;0.9981;3.18;0.9;9.2;6
9.6;0.48;0.37;2.2;0.023;12;35;0.9972;3.15;0.8;9.1;6
8.4;0.52;0.19;4.5;0.03;12;19;0.9962;3.51;0.5;11.3;6
9.6;0.5;0.0;1.9;0.03;6;25;0.9974;3.47;0.59;11.2;6
8.2;0.59;0.23;3.3;0.061;29;105;0.9975;3.47;0.51;12.1;6
8.5;0.78;0.51;1.4;0.044;9;30;0.9942;3.49;0.43;11.1;5
4.8;0.72;0.0;2.2;0.189;9;26;0.9994;3.07;0.61;10.3;5
9.9;0.29;0.07;8.4;0.02;72;113;0.9968;3.07;0.45;10.9;6
8.9;0.64;0.3;3.4;0.23;9;33;1.0011;3.21;0.63;10.5;5
10.1;0.77;0.08;1.6;0.028;3;14;0.9982;3.24;0.99;10.1;5
4.6;0.6;0.12;2.2;0.101;10;20;0.9968;3.22;0.78;9.8;5
12.0;0.72;0.19;1.6;0.037;21;86;0.9954;3.35;0.56;8.6;5
8.1;0.89;0.0;2.0;0.021;19;74;0.9965;3.48;0.55;9.6;4
10.2;0.71;0.08;3.5;0.129;20;41;0.997;3.27;0.59;10.4;5
6.5;0.57;0.41;3.4;0.034;16;42;0.9995;3.19;1.01;8.4;6
9.4;0.72;0.02;1.6;0.077;5;9;0.999;3.44;0.47;9.9;5
6.5;0.55;0.0;5.0;0.062;25;73;0.9976;3.27;0.66;11.4;6
7.2;0.53;0.15;2.5;0.05;28;94;1.0001;3.33;0.74;11.9;6
11.7;0.47;0.41;1.9;0.053;4;7;0.9929;3.26;0.86;9.9;6
8.0;0.81;0.23;2.2;0.091;3;9;0.9976;3.36;0.6;9.8;5
8.7;0.38;0.18;2.6;0.018;46;160;0.9991;3.15;0.49;9.6;6
9.8;0.8;0.28;2.4;0.078;25;89;0.9977;3.42;0.71;9.8;5
9.2;0.62;0.0;2.2;0.148;28;94;0.9942;3.31;0.88;11.6;6
8.6;0.28;0.37;2.3;0.016;27;55;0.9993;3.19;0.61;12.2;7
9.0;0.59;0.35;1.5;0.021;10;30;0.9981;3.39;0.52;8.6;5
12.5;0.15;0.19;3.7;0.088;13;44;0.9974;3.19;0.68;9.6;7
8.2;0.64;0.47;2.4;0.046;10;44;0.9969;3.2;0.38;8.4;5
8.7;0.69;0.05;1.4;0.043;2;6;1.0005;3.13;0.62;10.4;5
10.1;0.42;0.49;3.4;0.021;17;58;0.9975;3.05;0.86;9.9;6
10.2;0.55;0.3;5.2;0.054;9;21;0.9962;3.39;0.81;10.8;6
10.4;0.88;0.21;5.6;0.02;14;28;0.9952;3.49;0.63;11.1;5
9.4;0.44;0.27;1.9;0.051;9;19;0.9981;3.24;0.94;11.0;6
6.3;0.34;0.25;1.4;0.099;9;24;0.9986;3.19;0.98;8.7;6
11.2;0.79;0.51;2.3;0.03;3;15;0.9968;3.03;0.77;10.4;5
6.3;0.88;0.06;1.4;0.051;5;13;0.9956;2.98;0.41;8.6;4
8.8;0.53;0.12;5.3;0.302;3;10;0.9992;3.42;0.34;12.3;6
7.0;0.71;0.47;1.5;0.082;4;12;0.995;3.01;0.89;10.0;5
8.2;0.77;0.15;1.6;0.122;44;94;1.0004;3.13;0.7;9.0;5
8.9;0.4;0.45;2.0;0.044;3;8;0.9953;3.35;0.94;9.8;6
8.9;0.44;0.6;1.9;0.1;5;17;0.9943;3.32;0.43;10.6;6
9.1;0.75;0.19;3.6;0.014;12;39;0.9945;3.36;0.63;11.2;5
11.1;0.83;0.4;2.1;0.02;12;18;0.9946;3.31;0.83;11.8;5
9.1;0.63;0.05;1.5;0.026;3;10;0.9963;3.26;0.53;10.5;5
7.9;0.37;0.42;1.7;0.043;20;51;0.9958;3.14;0.83;10.1;7
10.0;0.88;0.31;2.3;0.124;19;50;0.9986;3.21;0.64;11.2;4
10.4;0.43;0.36;1.4;0.038;4;14;0.9984;3.27;0.66;11.1;6
6.2;0.47;0.15;2.6;0.076;5;21;0.9963;3.02;0.46;10.5;5
9.4;0.59;0.0;2.5;0.086;34;98;1.0026;3.19;0.7;11.3;5
9.5;0.81;0.37;3.1;0.065;22;87;0.9963;3.25;1.03;9.8;5
7.8;0.68;0.0;5.4;0.039;15;28;0.9965;3.2;0.72;10.4;5
10.7;0.6;0.21;4.8;0.064;2;6;0.9943;3.26;0.52;8.4;5
8.1;0.61;0.45;5.6;0.037;8;19;0.9965;3.41;0.9;11.9;6
8.5;0.54;0.31;1.6;0.017;11;35;0.9973;3.43;0.53;9.9;5
8.0;0.63;0.65;1.4;0.308;3;10;0.9944;3.54;0.95;11.9;6
8.3;0.12;0.47;1.7;0.02;8;16;0.9958;3.08;0.44;9.7;7
6.4;0.47;0.14;4.6;0.017;12;28;0.9973;3.25;0.7;10.7;6
5.8;0.57;0.28;6.6;0.138;6;10;0.9957;3.5;0.92;10.5;6
11.1;0.32;0.26;4.1;0.034;19;38;0.9953;3.04;0.51;9.8;6
6.8;0.6;0.0;1.4;0.075;23;78;0.9982;3.13;0.67;10.9;5
6.6;0.49;0.09;5.6;0.036;6;16;0.9943;3.22;0.85;11.8;6
4.6;0.84;0.16;2.0;0.042;23;73;0.9946;3.63;0.33;12.3;5
7.2;0.81;0.0;1.2;0.03;2;10;0.997;3.16;0.82;11.2;5
6.0;0.44;0.28;2.1;0.037;23;63;0.9983;3.48;0.64;9.1;5
11.2;0.5;0.22;1.3;0.044;3;10;0.9973;3.31;0.9;8.9;6
10.1;0.51;0.0;2.4;0.088;2;6;0.9963;3.13;0.52;11.6;6
7.1;0.45;0.35;1.8;0.055;13;69;0.9961;3.74;0.42;9.4;5
12.2;0.56;0.41;2.2;0.184;9;13;0.9986;3.34;0.57;11.1;5
10.0;0.39;0.32;2.6;0.015;30;72;0.9983;3.37;0.56;10.6;6
7.8;0.33;0.21;4.2;0.054;6;23;0.9968;3.39;0.62;11.8;7
4.6;0.64;0.39;2.8;0.065;5;12;0.9962;3.38;0.58;11.0;5
12.3;0.64;0.4;2.1;0.164;9;32;0.9968;3.64;0.33;10.4;5
5.9;0.38;0.33;3.8;0.015;8;25;0.9953;3.59;0.64;12.6;7
5.5;0.69;0.11;4.7;0.063;6;22;0.9964;3.17;0.7;11.3;5
10.1;0.41;0.32;1.4;0.127;15;32;0.9958;3.62;0.63;11.0;6
12.6;0.57;0.5;2.3;0.029;18;57;0.9965;3.2;0.71;9.7;5
10.7;0.67;0.15;1.7;0.137;24;81;0.9958;3.36;0.67;9.2;5
9.3;0.52;0.68;1.3;0.013;44;138;0.9977;3.09;0.42;10.1;5
9.4;0.61;0.17;2.9;0.091;5;15;0.9983;3.47;0.61;8.8;5
9.8;0.44;0.28;4.2;0.174;16;64;0.996;3.26;0.68;10.1;6
9.6;0.49;0.14;1.5;0.076;7;12;0.9952;3.13;0.62;11.3;5
8.8;0.49;0.31;3.7;0.047;15;45;0.9981;3.49;0.4;11.5;6
8.5;0.39;0.0;4.1;0.015;9;18;0.9971;3.53;0.87;10.1;6
8.2;0.5;0.16;4.9;0.164;62;223;0.996;3.54;0.49;13.6;6
7.0;0.25;0.06;1.7;0.05;17;39;0.9993;3.08;0.45;11.8;7
7.8;0.44;0.3;4.7;0.014;38;56;0.9956;3.55;0.66;10.4;6
5.4;0.48;0.46;1.8;0.082;23;82;0.9929;3.26;0.6;11.6;6
8.1;0.48;0.4;2.4;0.051;29;81;0.9954;3.63;0.76;9.8;6
6.6;0.48;0.0;1.3;0.02;21;70;0.9998;3.41;0.81;10.7;6
6.4;0.52;0.67;1.3;0.026;8;35;0.9961;3.35;0.78;10.0;6
8.6;0.61;0.33;3.1;0.016;4;15;0.9957;3.31;0.66;9.1;5
10.7;0.68;0.12;2.1;0.063;7;21;0.9968;3.31;0.75;11.0;5
9.9;0.41;0.3;1.6;0.07;1;6;0.9986;3.21;0.39;10.4;6
5.6;0.31;0.31;1.5;0.054;10;21;0.9965;3.15;0.84;10.5;7
6.6;0.34;0.14;2.9;0.114;9;27;0.9978;3.26;0.59;10.4;6
10.0;0.44;0.31;1.2;0.13;10;46;0.9963;3.49;0.99;9.5;6
6.6;0.47;0.15;3.7;0.069;45;121;0.9978;3.1;0.85;12.1;7
7.9;0.39;0.19;1.3;0.013;30;87;0.997;3.52;0.62;10.7;6
9.3;0.3;0.14;1.5;0.083;3;12;0.9959;3.33;0.66;10.1;7
6.6;0.45;0.0;1.9;0.044;7;12;0.9972;3.43;0.86;9.0;6
8.5;0.56;0.3;2.2;0.062;8;27;0.9957;3.44;0.33;11.9;5
6.0;0.63;0.39;1.9;0.075;6;11;0.9941;3.45;0.63;11.4;5
7.3;0.43;0.37;1.8;0.038;20;67;0.9967;3.31;0.95;10.4;6
8.9;0.45;0.43;6.2;0.161;10;30;0.9943;3.32;0.8;9.0;6
5.5;0.36;0.33;2.7;0.021;11;39;0.9978;3.45;0.52;12.2;7
9.1;0.52;0.17;1.2;0.079;24;53;0.9966;3.15;0.71;10.0;5
8.3;0.38;0.43;2.0;0.012;21;53;0.9994;3.13;0.49;9.7;6
9.3;0.63;0.01;4.3;0.167;3;10;0.9961;3.24;0.6;10.4;5
8.7;0.21;0.1;1.7;0.019;16;42;0.9967;3.36;0.71;10.8;7
10.7;0.46;0.08;1.3;0.018;8;28;0.9939;3.61;0.74;10.2;6
8.5;0.58;0.48;3.3;0.036;5;16;0.9946;3.32;0.78;8.4;5
7.6;0.56;0.45;2.6;0.04;2;6;0.9935;3.62;0.87;10.7;6
8.5;1.01;0.37;2.5;0.026;9;25;0.9987;3.39;0.46;11.4;3
9.3;0.59;0.48;1.3;0.065;6;19;0.9958;3.24;0.66;9.5;5
8.4;0.35;0.1;1.4;0.047;4;13;0.9992;3.49;0.51;12.1;6
8.4;0.51;0.34;2.7;0.014;15;55;0.9916;3.27;0.59;11.4;6
7.1;0.21;0.25;1.5;0.035;19;50;0.9996;3.35;0.53;10.9;7
7.2;0.51;0.44;2.3;0.112;4;11;0.9966;3.11;0.74;9.3;5
5.9;0.38;0.25;2.4;0.082;2;6;0.9973;3.08;0.84;10.7;7
11.4;0.69;0.2;1.7;0.089;24;63;0.9947;3.4;0.85;10.8;5
6.2;0.43;0.38;5.6;0.084;1;6;0.9977;3.48;0.47;10.3;6
7.1;0.51;0.44;4.0;0.034;34;51;0.996;3.61;0.64;11.4;6
7.1;0.41;0.14;3.1;0.018;13;28;0.9944;3.19;0.47;10.0;6
9.9;0.84;0.26;1.3;0.031;6;13;0.9944;3.54;0.46;10.1;4
7.8;0.47;0.06;1.4;0.119;4;11;0.9944;3.51;0.55;9.7;6
10.5;0.86;0.0;2.2;0.248;1;6;0.9974;3.24;0.72;9.9;4
7.1;0.67;0.31;1.5;0.053;4;16;0.9955;3.52;0.75;10.3;5
8.8;0.61;0.39;6.9;0.013;3;7;0.9936;3.46;0.77;10.2;5
6.9;0.59;0.32;1.5;0.021;12;30;0.9974;3.49;0.76;10.2;5
12.1;0.6;0.0;2.2;0.035;3;10;0.9926;3.64;0.51;11.4;5
6.3;0.18;0.2;1.9;0.064;10;21;0.9992;3.48;0.86;12.0;8
8.9;0.48;0.0;2.7;0.017;12;50;1.0005;2.98;0.79;9.0;6
9.4;0.68;0.54;1.4;0.184;5;19;0.9942;3.36;0.59;12.0;5
9.0;0.52;0.06;2.0;0.039;1;6;0.9987;3.07;0.59;11.1;6
8.0;0.28;0.52;1.7;0.158;1;6;0.9974;3.33;0.55;9.5;6
8.1;0.52;0.46;4.5;0.103;1;6;0.9957;3.33;0.44;10.1;5
8.4;0.83;0.1;1.3;0.096;17;36;0.9958;3.22;0.77;10.7;5
8.1;0.75;0.05;4.9;0.068;6;12;0.9979;3.15;0.8;8.6;5
10.0;0.52;0.34;3.9;0.071;20;50;0.9966;3.23;0.5;10.3;5
12.2;0.7;0.11;1.7;0.073;8;15;0.9918;3.26;0.45;11.0;5
7.3;0.46;0.29;3.5;0.071;8;20;1.0006;3.29;0.5;9.6;6
5.9;0.22;0.18;1.2;0.06;10;26;0.9975;3.33;0.68;8.8;7
8.2;0.36;0.0;6.3;0.27;16;54;0.9966;3.4;0.42;10.6;6
12.8;0.81;0.0;2.3;0.091;5;15;0.9953;3.26;0.85;12.8;5
6.9;0.48;0.32;1.7;0.102;3;7;0.9963;3.51;0.84;9.7;6
11.2;0.48;0.16;1.9;0.136;11;28;0.9991;3.31;0.73;9.7;6
11.2;0.47;0.16;1.3;0.027;6;11;0.9972;3.45;0.8;10.2;6
7.4;0.87;0.41;8.0;0.017;8;28;0.9974;3.26;0.67;12.1;5
9.3;0.82;0.5;1.3;0.052;13;47;0.9943;3.73;0.74;8.7;5
11.2;0.93;0.22;2.8;0.055;9;23;0.996;3.38;0.44;11.2;4
7.7;0.5;0.2;2.1;0.118;13;27;0.9968;3.56;0.89;9.9;6
8.0;0.58;0.37;5.7;0.047;10;44;0.998;3.2;0.58;10.0;5
7.3;0.26;0.01;1.6;0.063;17;55;0.9959;3.24;0.64;9.3;7
6.6;0.79;0.31;2.3;0.057;16;52;0.9985;3.27;1.08;10.2;5
7.2;0.32;0.38;2.2;0.014;10;34;0.9945;3.69;0.62;9.4;6
6.2;0.57;0.4;3.0;0.069;15;30;0.9968;3.28;0.78;9.8;5
8.4;0.33;0.0;1.3;0.118;26;108;0.9965;3.18;0.75;8.4;6
7.0;0.42;0.12;1.5;0.022;8;21;0.9938;3.51;0.43;8.6;6
8.7;0.38;0.1;1.6;0.066;7;27;0.9966;3.32;0.49;10.8;6
5.6;0.42;0.29;3.2;0.066;18;76;0.9956;3.28;1.0;11.8;7
8.9;0.43;0.36;1.5;0.023;11;35;0.9994;3.22;0.76;13.9;7
9.8;0.43;0.56;2.5;0.02;2;6;0.9959;3.39;0.66;11.4;6
4.9;0.68;0.17;1.6;0.247;28;42;0.9974;3.47;0.57;9.9;5
9.0;0.33;0.17;4.2;0.042;1;6;0.9944;3.43;0.71;8.4;6
10.5;0.57;0.5;5.5;0.027;18;56;0.9971;3.24;0.73;11.0;5
6.2;0.75;0.33;2.3;0.023;18;46;0.9959;3.16;0.7;8.9;5
11.2;0.44;0.52;1.9;0.078;38;117;0.9952;2.74;0.84;9.6;6
9.0;0.4;0.33;1.6;0.068;2;6;1.0021;3.17;0.51;11.4;6
7.1;0.49;0.05;1.3;0.074;12;45;0.996;3.25;0.49;10.7;6
8.2;0.74;0.01;1.7;0.018;8;22;0.9963;3.3;0.84;9.4;5
9.3;0.56;0.0;2.8;0.146;6;17;0.9984;3.27;1.02;8.6;6
8.5;0.43;0.4;2.3;0.042;2;6;0.9952;3.74;0.8;10.6;6
9.3;0.61;0.5;5.5;0.035;11;33;0.9975;3.39;0.88;10.8;5
6.7;0.33;0.63;2.0;0.049;9;23;0.9977;3.12;0.65;12.0;7
8.6;0.65;0.44;3.0;0.042;2;6;0.9972;3.41;0.7;8.4;5
5.9;0.6;0.5;2.2;0.132;12;33;1.0011;3.37;0.7;10.5;6
8.1;0.47;0.16;2.3;0.171;17;53;0.9952;3.15;0.65;11.4;6
6.7;0.38;0.05;1.7;0.034;18;43;0.9996;3.36;0.9;10.0;6
7.0;0.37;0.44;2.1;0.132;29;77;0.9976;3.39;0.85;8.7;6
10.5;0.62;0.35;2.2;0.103;7;33;0.9984;3.47;0.59;9.4;5
10.2;0.75;0.29;3.0;0.172;38;140;0.9973;3.04;0.38;10.5;5
9.4;0.41;0.35;5.4;0.029;25;56;1.0003;3.41;0.65;9.9;6
6.4;0.61;0.33;1.8;0.064;5;19;0.9961;3.53;0.46;10.7;5
7.8;0.15;0.52;1.3;0.031;3;11;0.9976;3.6;0.66;11.8;8
10.4;0.42;0.52;2.2;0.116;8;23;0.9992;3.12;0.48;10.0;6
8.6;0.52;0.38;2.4;0.012;7;17;0.9956;3.29;0.87;11.7;6
12.4;0.37;0.44;1.5;0.062;11;26;0.9986;3.3;0.77;10.3;6
9.0;0.36;0.37;3.3;0.037;12;37;0.9967;3.42;0.77;10.8;6
8.7;0.41;0.18;7.5;0.035;18;41;0.9944;3.29;0.84;10.3;6
7.8;0.58;0.42;5.6;0.074;10;37;0.9939;3.2;0.72;10.8;6
8.6;0.49;0.0;1.5;0.126;2;10;0.9965;3.34;0.75;11.0;6
8.1;0.13;0.48;4.3;0.068;24;73;0.9986;3.26;0.9;11.1;7
9.6;0.15;0.04;3.0;0.127;5;21;0.9927;3.4;0.64;10.4;7
10.0;0.42;0.33;2.1;0.03;44;116;0.9971;3.19;0.76;8.4;6
7.0;0.61;0.11;2.4;0.056;3;6;0.9984;3.15;0.48;11.1;5
6.0;0.12;0.38;4.0;0.048;39;152;0.9943;3.51;0.67;8.4;7
5.1;0.44;0.26;2.2;0.013;2;9;0.9955;3.66;1.04;9.8;6
9.2;0.43;0.0;1.9;0.061;4;19;0.9978;3.59;0.8;8.4;6
6.4;0.78;0.35;2.2;0.077;2;6;0.9983;3.3;0.64;12.2;5
4.6;0.46;0.16;2.5;0.066;16;58;0.9997;3.47;0.7;10.9;6
9.0;0.6;0.44;1.5;0.092;24;77;0.9956;3.21;0.65;10.1;5
12.7;0.55;0.27;4.7;0.063;8;32;0.9952;3.39;0.7;11.9;6
8.3;0.15;0.35;2.9;0.016;33;109;0.9998;3.22;0.59;11.0;7
9.8;0.67;0.08;2.7;0.019;12;43;0.9953;3.5;0.74;10.6;5
8.5;0.57;0.16;1.4;0.066;13;27;0.9977;3.48;0.75;10.8;6
8.1;0.62;0.18;2.6;0.031;23;66;1.0008;3.63;0.66;10.0;5
9.9;1.23;0.44;1.4;0.017;5;19;0.9981;3.28;0.68;9.1;3
7.8;0.15;0.6;1.3;0.046;6;22;0.9982;3.55;0.72;11.4;7
8.8;0.84;0.11;2.3;0.06;29;109;0.9991;3.39;0.57;10.3;4
8.9;0.48;0.48;2.0;0.036;29;89;0.9977;3.32;0.74;8.5;6
7.2;0.58;0.0;2.5;0.088;46;114;0.9982;3.36;0.79;11.0;6
10.0;0.52;0.04;1.3;0.074;29;85;0.996;3.57;0.91;10.5;6
8.0;0.45;0.08;2.0;0.036;3;8;0.9989;3.29;0.71;12.2;6
7.0;0.43;0.01;1.5;0.096;22;70;0.9975;3.3;0.56;10.7;6
9.3;0.59;0.0;7.7;0.075;7;16;0.9939;2.99;0.64;9.2;5
6.8;0.26;0.35;2.4;0.073;57;160;0.9972;3.29;0.46;8.5;6
8.4;0.66;0.23;2.9;0.06;9;25;0.9926;3.35;0.78;11.8;5
8.3;0.45;0.34;1.8;0.013;11;16;0.9981;3.19;0.33;10.4;5
10.2;0.33;0.41;1.3;0.084;10;37;0.9963;3.16;0.83;9.5;7
9.1;0.45;0.32;6.8;0.04;6;18;1.0003;3.03;0.85;9.6;6
8.3;0.75;0.4;1.7;0.183;2;6;0.9976;3.22;0.33;11.8;5
9.7;0.43;0.26;2.0;0.114;28;73;0.9985;3.53;0.87;10.9;6
10.7;0.59;0.04;2.8;0.065;20;71;0.9947;3.08;0.83;11.6;6
9.3;0.4;0.48;1.2;0.029;3;7;0.998;3.43;0.61;10.7;6
8.3;0.66;0.16;3.7;0.026;19;47;0.9955;3.45;0.46;9.5;5
6.0;0.65;0.09;2.4;0.037;13;45;0.9988;3.69;0.52;12.3;5
6.5;0.86;0.24;1.7;0.051;7;24;0.9946;3.47;0.53;10.0;4
7.8;0.5;0.09;1.3;0.033;5;9;0.9969;3.46;0.88;11.3;6
7.3;0.65;0.19;1.5;0.055;25;105;0.9945;3.37;0.58;11.6;5
8.0;0.55;0.34;4.6;0.023;15;37;0.9969;3.31;0.81;10.4;5
8.4;0.76;0.34;2.9;0.24;11;30;1.0005;3.44;0.64;9.2;5
9.2;0.4;0.1;1.6;0.019;12;54;0.9981;3.5;0.67;9.7;6
8.2;0.66;0.18;1.3;0.173;2;6;0.9966;3.34;0.39;11.1;5
9.2;0.49;0.48;3.0;0.159;9;14;0.992;3.51;0.46;11.0;6
8.4;0.52;0.37;2.5;0.057;4;12;0.9957;3.76;0.88;11.8;6
4.9;0.54;0.68;2.0;0.089;4;6;0.9976;3.32;0.63;11.6;6
6.7;0.57;0.5;1.9;0.046;14;21;0.9957;3.33;0.71;9.4;5
8.1;0.51;0.49;1.6;0.072;30;118;0.9994;3.3;0.97;12.0;6
6.2;0.57;0.0;2.9;0.037;7;19;0.9968;3.33;0.64;9.3;5
9.4;0.81;0.42;6.5;0.033;4;18;0.9987;3.5;0.63;11.1;5
11.0;0.7;0.26;1.5;0.064;14;29;0.9971;3.32;0.86;13.0;6
10.4;0.68;0.16;2.6;0.053;26;70;0.9962;3.34;0.66;10.8;5
7.9;0.45;0.3;2.0;0.064;18;60;0.9958;3.27;0.71;8.5;6
10.9;0.37;0.46;2.1;0.032;25;86;0.9948;3.39;0.83;10.1;6
8.6;0.7;0.37;1.6;0.039;10;29;0.9988;3.23;0.66;12.7;5
7.7;0.68;0.1;3.8;0.017;18;44;0.9959;3.12;0.79;10.2;5
7.3;0.79;0.42;2.2;0.015;3;9;0.9977;3.38;0.64;11.8;5
7.8;0.42;0.15;2.4;0.03;6;25;0.9957;3.62;0.82;9.4;6
7.6;0.49;0.31;1.7;0.017;7;25;0.9946;3.27;0.73;10.0;6
8.6;0.23;0.21;1.5;0.019;10;24;0.9978;3.15;0.62;10.2;7
8.6;0.46;0.23;1.3;0.113;33;72;0.9953;3.61;0.67;12.5;6
8.3;0.71;0.42;3.1;0.014;26;63;0.9959;3.32;0.33;10.1;5
9.1;0.44;0.07;1.5;0.077;3;6;0.9943;3.46;0.86;8.4;6
10.4;0.64;0.65;3.0;0.031;3;10;0.9958;3.2;0.44;13.0;5
10.0;0.49;0.0;1.9;0.135;6;23;0.9967;3.31;0.48;10.7;6
5.7;0.59;0.15;2.0;0.052;5;15;0.9962;3.53;0.58;11.1;5
4.6;0.32;0.34;2.1;0.034;12;54;0.9983;3.33;0.35;8.7;6
9.9;0.54;0.38;1.9;0.056;29;128;0.997;3.33;0.74;10.7;5
5.9;0.12;0.25;1.4;0.041;40;131;1.0026;3.08;0.72;10.4;8
7.9;0.49;0.26;1.8;0.062;14;49;0.9975;3.43;0.58;9.4;5
6.3;0.24;0.35;2.8;0.019;23;52;0.9934;3.19;0.54;11.1;7
5.2;0.74;0.23;2.8;0.36;10;27;0.9963;3.48;0.54;8.6;5
9.3;0.67;0.54;1.7;0.045;4;15;0.9965;3.34;0.76;9.4;5
9.6;0.61;0.43;2.1;0.038;10;25;0.9955;3.36;0.39;11.7;5
7.3;0.8;0.44;1.5;0.086;11;45;0.9968;3.43;0.59;9.6;4
4.6;0.36;0.08;1.6;0.039;17;67;0.9955;3.37;0.4;9.9;6
7.4;0.84;0.26;1.2;0.119;4;14;0.9973;3.58;0.79;10.5;5
9.0;0.69;0.21;4.6;0.048;7;13;0.9931;3.55;0.6;10.0;5
5.7;0.49;0.07;1.6;0.088;6;18;0.9989;3.12;0.75;11.2;6
8.6;0.73;0.34;1.6;0.019;39;139;0.9937;3.28;0.87;10.6;5
8.3;0.33;0.17;1.7;0.124;8;18;0.9962;3.44;0.87;8.8;7
9.3;0.38;0.4;1.4;0.092;18;51;0.9953;3.17;0.48;9.6;6
8.5;0.42;0.06;2.7;0.026;18;64;0.9973;3.07;0.71;9.5;6
6.6;0.43;0.61;1.3;0.021;5;12;0.9964;3.19;0.85;9.9;6
10.4;0.34;0.1;1.4;0.035;11;26;0.9972;3.29;0.78;10.5;7
8.0;0.75;0.31;2.8;0.236;28;44;0.9988;2.74;0.79;10.7;5
8.3;0.48;0.43;1.8;0.03;9;24;0.9982;3.14;0.35;8.4;5
6.7;0.59;0.16;3.0;0.049;36;130;0.9968;3.04;0.77;11.5;6
7.5;0.43;0.44;2.4;0.014;4;9;0.9976;3.49;0.52;10.3;6
6.8;0.2;0.03;1.6;0.042;2;6;1.0004;3.45;0.77;9.2;7
8.0;0.58;0.55;2.8;0.063;28;78;0.9982;3.35;0.77;11.4;5
11.3;0.19;0.27;1.4;0.196;24;58;0.9961;3.33;0.76;8.4;7
5.9;0.52;0.15;2.4;0.056;60;220;0.9991;3.39;0.64;8.7;5
5.5;0.28;0.21;2.1;0.115;15;63;0.9974;3.16;0.88;12.7;7
10.9;0.88;0.43;1.7;0.06;34;130;0.9949;3.5;0.74;10.6;5
8.0;0.69;0.16;2.6;0.014;22;54;0.9964;3.33;0.71;9.6;5
7.2;0.55;0.12;4.3;0.035;23;107;0.9939;3.45;0.5;10.5;6
10.1;0.75;0.23;11.4;0.063;11;42;0.9924;3.45;0.73;10.2;5
7.3;0.38;0.04;2.6;0.192;7;18;0.9949;3.39;0.99;10.5;7
11.5;0.63;0.63;2.0;0.13;34;80;0.9969;3.36;0.42;10.9;5
9.5;0.56;0.16;1.6;0.028;8;30;0.9969;3.35;0.78;10.2;5
7.5;0.58;0.43;1.6;0.027;10;32;0.994;3.3;0.8;10.8;6
12.1;0.76;0.31;2.2;0.025;8;19;0.9922;3.39;0.95;10.3;5
7.3;0.66;0.08;1.9;0.165;11;32;0.9995;3.34;0.78;9.5;5
9.6;0.58;0.27;4.9;0.127;9;23;0.9969;3.24;0.66;9.2;5
8.8;0.23;0.42;1.9;0.101;2;6;0.9997;3.4;0.73;11.8;7
10.6;0.36;0.23;1.9;0.042;27;102;0.9995;3.35;0.61;11.1;6
11.0;0.51;0.5;1.9;0.054;8;29;0.9981;3.5;0.87;11.5;6
8.4;0.54;0.47;3.9;0.049;12;43;0.9968;3.03;0.39;10.4;5
7.0;0.33;0.45;2.8;0.03;3;10;0.9959;3.32;0.58;10.7;7
9.1;0.96;0.18;2.6;0.054;1;6;0.9981;3.2;0.73;10.2;4
7.1;0.8;0.06;1.8;0.014;4;11;0.9964;3.23;0.86;11.7;5
11.8;0.64;0.15;3.8;0.02;16;65;0.9956;3.4;0.66;10.1;5
8.6;0.54;0.31;1.3;0.143;2;7;0.9927;3.09;0.53;9.4;5
7.7;0.49;0.38;4.3;0.096;30;54;0.9965;3.33;0.62;11.0;6
8.6;0.36;0.0;2.3;0.045;4;12;0.9988;3.32;0.6;10.3;6
6.0;0.54;0.27;2.0;0.056;4;13;0.9991;3.15;0.6;10.7;5
6.6;0.57;0.3;2.2;0.04;3;12;0.9968;3.34;0.58;11.2;5
10.4;0.31;0.22;2.9;0.093;1;6;0.995;3.19;0.58;9.8;6
7.2;0.59;0.52;1.2;0.104;19;84;0.9984;3.65;0.37;10.2;5
6.5;0.5;0.35;4.3;0.098;26;47;0.9967;3.5;0.71;10.1;6
9.3;0.19;0.53;2.1;0.089;12;38;0.996;3.32;0.77;11.8;7
10.4;0.37;0.23;1.8;0.026;4;15;0.9939;3.24;0.91;10.4;6
9.6;0.45;0.45;1.4;0.037;5;17;1.0007;3.39;0.8;10.6;6
10.1;0.87;0.59;2.1;0.05;9;32;0.9981;3.43;0.8;9.2;4
7.0;0.63;0.53;2.2;0.036;38;82;0.9983;3.35;0.71;11.2;5
5.8;0.29;0.06;2.0;0.096;4;14;0.9951;3.15;0.36;10.9;6
10.9;0.62;0.22;2.9;0.036;17;50;0.9969;3.28;0.71;9.5;5
7.8;0.25;0.2;2.0;0.021;8;17;0.9965;3.32;0.68;12.5;7
7.9;0.72;0.37;6.1;0.043;5;19;0.9982;3.36;0.83;10.8;5
10.6;0.44;0.4;2.6;0.246;8;19;0.9993;3.36;0.75;9.8;6
9.3;0.51;0.11;3.7;0.027;2;6;0.994;3.42;0.64;10.4;6
9.1;0.77;0.28;1.4;0.069;20;68;0.9947;3.52;0.99;10.0;5
12.1;0.3;0.0;2.0;0.046;4;13;0.9979;3.47;0.8;12.1;7
7.2;0.28;0.55;1.8;0.016;17;52;0.9957;3.4;0.72;11.4;7
9.9;0.42;0.17;2.5;0.052;2;6;0.9982;3.12;0.74;10.9;6
8.4;0.71;0.28;4.2;0.085;38;158;0.996;3.49;0.67;12.3;5
8.8;0.26;0.21;1.3;0.055;4;8;0.9943;3.44;0.66;9.3;7
11.0;0.12;0.49;1.3;0.135;27;70;0.9934;3.27;0.33;11.3;7
9.2;0.45;0.0;4.0;0.032;21;71;0.9976;3.32;0.5;11.0;6
9.3;0.63;0.27;1.6;0.017;42;93;0.9977;3.32;0.57;10.2;5
10.2;0.74;0.25;2.9;0.177;9;19;0.9985;3.24;0.73;10.2;5
7.7;0.45;0.18;2.4;0.041;17;52;0.9973;3.04;0.38;11.4;6
6.9;0.45;0.61;3.9;0.064;7;24;0.99;3.14;0.57;11.3;6
6.5;0.73;0.1;1.4;0.106;3;13;0.9977;3.17;0.55;8.9;5
4.9;0.19;0.42;1.4;0.036;8;25;0.9939;3.01;0.68;12.4;8
11.9;0.46;0.34;2.4;0.088;3;8;0.9932;3.14;0.74;11.6;6
6.4;0.56;0.52;5.6;0.021;49;159;0.9929;3.49;0.55;10.1;5
7.9;0.61;0.14;2.0;0.033;2;8;0.9927;3.39;0.56;9.6;5
7.8;0.44;0.13;1.8;0.021;12;37;0.9972;3.16;0.54;11.6;6
8.9;0.53;0.48;2.6;0.112;13;51;0.9953;3.21;0.59;11.0;6
9.7;0.12;0.35;5.2;0.027;10;22;0.9938;3.5;0.65;11.2;8
9.8;0.41;0.0;3.9;0.088;14;34;0.9967;3.5;0.88;11.0;6
7.3;0.61;0.17;9.3;0.184;2;10;0.9946;3.32;0.49;11.7;5
8.0;0.35;0.35;1.2;0.057;11;20;0.9986;3.49;0.96;11.3;7
8.8;0.54;0.43;1.4;0.059;5;13;0.9995;3.19;0.45;9.8;5
7.9;0.61;0.14;2.6;0.049;35;84;0.9963;3.35;0.82;9.8;5
11.1;0.47;0.0;3.8;0.036;18;32;0.9993;3.08;0.58;10.8;6
9.2;0.56;0.37;1.7;0.051;44;126;0.9993;3.25;0.5;12.9;6
9.6;0.36;0.03;1.6;0.067;1;6;0.9969;3.32;0.88;10.3;7
9.5;0.49;0.0;3.5;0.268;5;16;1.0;3.05;0.67;10.8;6
10.4;0.64;0.0;1.3;0.179;4;13;0.9955;3.4;0.67;11.4;5
8.6;0.56;0.43;1.9;0.131;1;6;0.993;3.43;0.61;10.0;5
6.1;0.42;0.3;2.3;0.144;4;12;0.9937;3.47;0.56;11.3;6
9.0;0.57;0.23;2.4;0.05;15;75;0.9954;3.67;0.63;10.4;6
7.2;0.66;0.54;3.2;0.076;4;11;0.9977;3.38;0.33;11.8;5
7.4;0.16;0.4;1.9;0.147;10;27;0.9945;3.3;0.34;9.4;7
9.3;0.74;0.59;2.6;0.042;27;66;0.9954;3.06;0.72;12.9;5
10.5;0.47;0.0;2.5;0.208;15;52;0.9943;3.37;0.86;10.1;6
8.4;0.6;0.26;2.4;0.044;7;19;0.9955;3.4;0.89;11.0;5
8.9;0.74;0.0;2.7;0.067;7;19;0.9993;3.1;0.5;10.4;5
11.3;0.28;0.23;1.7;0.086;8;24;0.9974;3.27;0.69;9.3;7
8.7;0.4;0.22;1.3;0.192;3;9;0.9956;3.31;0.33;11.3;6
12.8;0.48;0.39;1.4;0.029;13;41;0.999;3.39;0.6;10.1;6
9.3;0.39;0.28;1.6;0.094;6;17;0.9967;3.44;0.8;11.0;6
5.3;0.84;0.39;2.2;0.056;24;64;0.997;3.23;0.66;9.6;4
9.6;0.37;0.41;4.0;0.031;18;69;0.9989;3.34;0.6;10.1;6
9.0;0.43;0.69;3.0;0.102;12;34;0.996;3.4;0.66;10.1;6
10.6;0.56;0.21;3.5;0.06;6;21;0.9984;3.28;0.88;11.0;6
9.5;0.31;0.09;1.8;0.077;4;9;0.9983;3.25;0.62;10.7;7
8.1;0.46;0.32;2.0;0.035;19;50;0.9964;3.42;0.67;10.2;6
6.2;0.58;0.11;2.0;0.051;9;18;0.994;3.28;0.92;10.0;6
8.0;0.47;0.56;1.5;0.07;4;18;0.9967;3.13;0.62;10.8;6
6.8;0.51;0.22;1.3;0.043;4;15;0.9989;3.52;0.38;10.6;5
7.3;0.43;0.16;2.5;0.025;3;11;0.9983;3.14;0.89;10.6;6
9.3;0.26;0.18;8.0;0.208;19;90;0.9999;3.3;0.83;12.5;8
11.2;0.59;0.41;1.5;0.055;4;15;0.9958;3.36;0.33;11.0;5
9.0;0.84;0.24;1.3;0.091;10;29;0.9982;3.38;0.64;12.5;5
6.2;0.53;0.15;3.5;0.044;8;27;0.9948;3.34;0.65;10.3;5
9.1;0.57;0.6;1.6;0.038;11;47;0.9971;2.86;0.89;10.4;6
10.4;0.65;0.1;3.9;0.043;26;60;0.9988;3.2;0.66;9.9;5
7.3;0.3;0.28;3.0;0.044;25;52;0.9984;3.36;0.69;10.7;7
8.1;0.83;0.4;5.6;0.059;8;27;0.9969;3.29;0.69;10.1;5
8.3;0.56;0.0;2.0;0.059;1;6;0.9962;3.39;0.58;9.9;5
7.0;0.82;0.36;2.8;0.053;8;12;0.9948;3.47;0.88;8.4;4
9.4;0.4;0.07;2.1;0.021;12;24;0.9963;3.39;0.52;12.0;6
8.1;0.85;0.43;2.7;0.053;11;30;0.9942;3.2;0.58;10.0;4
9.0;0.67;0.08;2.1;0.023;14;41;0.996;3.23;0.66;12.0;5
6.8;0.63;0.41;1.5;0.02;3;9;0.9933;3.56;0.43;10.3;5
7.6;0.57;0.49;2.3;0.174;13;62;0.9942;3.28;0.96;11.1;6
9.6;0.48;0.44;2.3;0.068;3;10;0.9983;3.3;0.66;10.5;6
7.7;0.74;0.32;3.7;0.077;18;57;0.9981;3.39;0.8;10.9;5
11.3;0.55;0.23;3.2;0.043;6;10;0.9962;3.5;0.5;9.3;5
7.6;0.18;0.16;2.8;0.156;16;47;0.9968;3.17;0.78;11.7;8
8.7;0.33;0.56;1.4;0.073;2;6;0.9971;3.23;0.79;10.0;6
9.9;0.49;0.13;3.1;0.1;7;14;0.9976;3.06;0.82;11.4;6
5.9;0.58;0.07;2.2;0.04;16;35;0.9974;3.27;0.98;8.9;5
5.3;0.52;0.4;4.6;0.205;4;14;0.9942;3.4;0.56;9.6;5
5.7;0.75;0.12;5.0;0.115;20;51;0.9921;3.25;0.63;10.8;5
10.5;0.18;0.09;1.3;0.127;13;38;0.9948;3.58;0.51;10.2;7
7.4;0.55;0.0;3.8;0.023;12;40;0.9964;3.33;0.64;10.9;5
12.8;0.2;0.18;1.3;0.031;6;29;0.9985;3.3;0.77;10.6;7
7.3;0.66;0.25;1.9;0.032;9;25;0.9971;3.26;0.76;12.4;5
8.6;0.51;0.32;2.4;0.031;12;53;0.9977;3.1;0.94;11.0;6
11.0;0.6;0.46;1.4;0.128;9;13;0.995;3.3;0.74;10.0;5
11.8;0.37;0.37;3.3;0.014;15;48;0.9966;3.37;0.66;10.0;6
11.9;0.76;0.23;1.2;0.017;8;21;0.9968;3.29;0.47;11.7;5
10.4;0.71;0.23;1.5;0.031;4;10;0.9953;3.35;0.81;8.8;5
10.1;0.63;0.37;2.5;0.025;4;14;0.9947;3.21;0.63;11.0;5
9.4;0.5;0.52;3.1;0.028;1;6;0.9963;3.12;0.81;9.2;6
9.7;0.63;0.3;4.9;0.108;5;8;0.998;3.29;0.59;11.6;5
7.4;0.4;0.18;3.0;0.062;18;30;0.995;3.34;0.86;10.0;6
6.9;0.68;0.08;2.9;0.012;20;71;0.9963;3.29;0.72;11.0;5
8.3;0.82;0.0;2.0;0.046;4;6;0.9993;3.34;0.83;10.5;5
8.0;0.72;0.4;1.2;0.043;39;142;0.9957;3.43;0.72;8.9;5
7.5;0.4;0.38;1.4;0.019;9;29;0.9967;3.43;0.5;11.1;6
9.5;0.59;0.38;2.3;0.08;31;88;0.9965;3.44;0.6;9.6;5
10.0;0.3;0.25;2.9;0.085;16;46;0.9963;3.47;0.44;11.3;7
8.5;0.63;0.55;2.0;0.089;16;56;0.9999;3.39;0.69;9.3;5
10.9;0.61;0.18;3.2;0.09;2;6;0.9973;3.37;0.41;10.7;5
6.3;0.19;0.46;2.3;0.012;4;12;0.9937;3.61;0.71;10.5;7
8.0;0.32;0.26;1.3;0.197;1;6;0.9996;3.43;0.33;9.8;6
7.1;0.48;0.15;1.5;0.113;16;50;0.9972;3.18;0.8;11.9;6
5.1;0.47;0.39;3.9;0.153;6;21;0.996;3.02;0.47;10.5;6
8.2;0.31;0.35;3.1;0.013;20;61;0.9993;3.27;0.5;10.0;6
8.1;0.6;0.34;4.6;0.175;6;21;0.9952;3.41;0.89;10.7;6
11.0;0.57;0.29;1.4;0.112;22;53;1.0;3.46;0.71;8.9;6
9.4;0.49;0.26;8.1;0.121;3;8;0.9969;3.12;0.8;13.0;6
6.5;0.39;0.74;1.6;0.018;3;9;0.9986;3.42;0.49;9.3;6
11.5;0.72;0.5;1.2;0.093;6;17;1.0025;3.49;0.82;11.0;5
10.4;0.82;0.41;10.1;0.205;7;17;0.997;3.4;0.63;10.5;5
9.3;0.44;0.29;1.7;0.08;6;16;0.9965;3.38;0.68;11.7;6
7.9;0.42;0.47;2.9;0.063;18;39;0.9947;3.29;0.91;10.6;6
6.7;0.62;0.37;1.5;0.187;2;6;0.9965;3.24;0.46;9.7;5
7.7;0.46;0.28;2.5;0.047;6;15;0.9947;3.43;0.81;8.4;6
10.2;0.5;0.21;4.7;0.067;23;80;0.9963;3.4;0.72;8.5;6
11.6;0.66;0.26;1.8;0.051;2;6;1.0022;3.26;0.62;10.2;5
11.0;0.19;0.0;2.9;0.174;35;70;0.9969;3.7;0.47;11.9;7
7.5;0.76;0.31;1.5;0.017;52;140;0.9956;3.08;0.62;8.6;5
6.4;0.54;0.18;2.7;0.054;2;8;0.9963;3.28;0.52;12.4;6
8.6;0.45;0.58;1.8;0.082;5;14;0.9959;3.19;0.86;11.6;6
5.2;0.51;0.27;1.6;0.106;7;12;0.9987;3.37;0.67;9.0;5
8.9;0.52;0.04;1.8;0.064;19;91;0.9965;3.01;0.54;9.3;6
8.1;0.22;0.26;1.5;0.156;12;34;0.9998;3.51;0.41;9.4;7
7.5;0.8;0.07;4.7;0.183;13;28;0.9961;3.47;0.58;10.7;5
5.5;0.54;0.36;2.0;0.016;18;56;0.9962;3.35;0.87;10.4;6
9.2;0.61;0.33;1.6;0.043;3;7;0.995;3.26;0.68;10.3;5
7.4;0.7;0.46;2.1;0.013;22;40;0.996;3.42;0.63;9.9;5
6.3;0.35;0.12;1.8;0.036;16;48;0.9934;3.36;0.95;10.6;7
4.6;0.61;0.28;3.2;0.058;11;43;0.9927;3.46;0.59;11.3;5
8.3;0.48;0.0;6.5;0.157;27;77;0.9979;3.29;0.52;10.3;6
11.4;0.68;0.41;2.1;0.124;15;23;0.9934;3.28;0.73;9.7;5
11.2;0.15;0.37;4.2;0.02;4;12;0.9975;3.48;0.73;11.5;8
7.5;0.51;0.37;2.5;0.018;8;27;0.9957;3.41;0.56;10.2;5
7.3;0.42;0.27;1.5;0.065;9;23;0.9985;3.28;0.52;11.0;6
9.1;0.61;0.35;3.0;0.058;2;6;0.9934;3.37;0.9;10.3;5
6.6;0.61;0.58;2.3;0.031;38;183;0.9978;3.34;0.58;11.6;5
8.8;0.4;0.22;2.8;0.15;3;7;0.9973;3.38;0.41;11.7;6
9.7;0.4;0.3;4.5;0.169;15;32;0.9974;3.51;0.69;11.7;6
10.5;0.51;0.06;2.1;0.043;9;29;0.9988;3.26;0.81;9.8;6
8.1;0.37;0.1;4.7;0.145;1;6;0.9968;3.21;0.63;9.8;6
8.0;0.68;0.29;3.3;0.041;32;110;0.992;3.35;0.75;11.4;5
6.8;0.46;0.49;2.2;0.092;24;36;0.9976;3.23;0.48;10.4;5
6.9;0.12;0.22;2.6;0.051;10;25;0.9973;3.17;0.76;10.4;8
7.9;0.46;0.22;1.8;0.02;4;16;0.9962;3.46;0.5;9.7;6
9.0;0.34;0.19;7.4;0.17;3;8;0.9951;3.27;0.71;11.9;7
9.9;0.24;0.17;2.9;0.048;6;13;0.996;3.02;0.79;11.5;7
6.9;0.31;0.33;1.3;0.092;5;18;0.9995;3.44;0.67;10.3;7
10.9;0.55;0.0;1.8;0.039;9;36;0.995;3.24;0.45;9.7;5
7.8;0.77;0.52;2.7;0.013;42;115;0.9934;3.4;0.46;9.7;4
8.3;0.58;0.14;1.3;0.018;11;42;0.9939;3.48;0.93;10.6;6
7.0;0.42;0.41;1.2;0.053;27;126;0.9966;3.34;0.53;10.8;6
4.6;0.61;0.02;2.1;0.082;14;29;0.9999;3.0;0.79;9.5;5
9.9;0.45;0.4;1.8;0.036;9;30;1.0009;3.01;0.68;9.1;6
9.6;0.4;0.4;2.1;0.083;24;111;0.9979;3.21;0.49;10.5;6
7.8;0.32;0.35;1.7;0.084;9;30;0.9948;3.3;0.57;11.3;6
8.4;0.21;0.08;1.5;0.085;25;61;0.995;3.5;0.95;10.5;8
9.2;0.46;0.32;3.0;0.053;5;16;0.9984;3.36;1.25;10.2;6
5.6;0.56;0.04;2.3;0.16;3;11;0.9992;3.71;0.6;9.2;5
7.4;0.51;0.22;1.5;0.052;24;53;0.9955;3.08;0.59;9.7;6
9.7;0.45;0.47;1.8;0.048;12;35;0.9994;3.33;0.38;11.4;6
6.1;0.36;0.43;2.5;0.025;27;77;0.9963;3.24;0.38;9.1;6
8.8;0.64;0.27;1.3;0.034;34;86;0.9981;3.35;0.51;12.3;5
6.0;0.29;0.08;1.4;0.015;2;6;0.9989;3.58;0.58;10.5;7
9.1;0.67;0.4;1.3;0.072;9;27;0.9939;3.59;0.65;8.7;5
8.3;0.35;0.27;3.7;0.029;7;23;0.9976;3.32;0.78;11.0;6
5.5;0.39;0.0;3.3;0.034;13;50;0.9994;3.44;0.7;10.9;6
10.3;0.27;0.42;3.3;0.1;20;40;0.9956;3.34;0.78;10.0;7
7.0;0.44;0.27;3.1;0.036;5;15;0.9947;3.15;0.55;11.4;6
6.9;0.7;0.51;2.9;0.029;11;32;0.9976;3.31;0.65;9.8;5
8.7;0.62;0.06;2.2;0.023;16;50;0.997;3.23;0.6;11.1;5
10.3;0.7;0.0;2.7;0.101;3;8;0.9961;3.3;0.44;10.4;5
6.6;0.62;0.33;1.3;0.02;21;47;0.9967;3.18;0.33;10.1;5
8.4;0.33;0.33;2.7;0.048;12;51;0.9935;3.33;0.54;11.9;6
9.1;0.47;0.0;3.5;0.054;37;166;0.9975;3.36;0.33;11.5;5
9.5;0.39;0.08;2.2;0.082;6;21;0.9997;3.42;0.47;9.2;6
8.6;0.77;0.81;1.9;0.072;2;8;0.9953;3.36;0.75;10.8;5
7.7;0.31;0.21;1.7;0.112;9;29;0.9951;3.56;0.69;12.4;7
6.9;0.69;0.41;2.7;0.015;2;8;0.997;3.65;0.66;11.9;5
8.5;0.69;0.14;3.0;0.033;43;64;1.0021;3.25;0.86;9.4;5
6.5;0.86;0.0;4.3;0.032;1;6;0.9988;3.46;0.53;12.1;5
4.6;0.45;0.24;1.8;0.021;18;45;0.9965;3.64;0.77;11.4;6
9.1;0.66;0.22;3.4;0.032;10;31;0.9968;3.46;0.52;9.3;5
9.9;0.94;0.19;2.4;0.034;7;25;0.999;3.42;0.71;10.6;4
4.6;0.42;0.25;4.4;0.056;2;6;0.995;3.03;0.68;10.9;6
6.6;0.25;0.32;2.3;0.077;13;34;0.9979;3.23;0.69;9.3;6
9.4;0.19;0.24;2.3;0.041;12;22;0.9946;3.25;0.59;11.2;7
11.9;0.66;0.02;2.5;0.088;5;14;0.9985;3.52;0.71;13.0;6
8.4;0.19;0.37;3.3;0.037;30;106;0.9961;3.2;0.73;11.9;7
